"Series";"Time";"Value"
"Humidity Outside";"2017-06-30T02:00:00+02:00";75.7
"Humidity Outside";"2017-07-01T02:00:00+02:00";138.3679245283018
"Humidity Outside";"2017-07-02T02:00:00+02:00";103.11515151515152
"Humidity Outside";"2017-07-03T02:00:00+02:00";115.72013888888881
"Humidity Outside";"2017-07-04T02:00:00+02:00";111.26527777777785
"Humidity Outside";"2017-07-05T02:00:00+02:00";153.90347222222215
"Humidity Outside";"2017-07-06T02:00:00+02:00";61.43392857142858
"Humidity Outside";"2017-07-07T02:00:00+02:00";66.33563218390805
"Humidity Outside";"2017-07-08T02:00:00+02:00";66.17703703703701
"Humidity Outside";"2017-07-09T02:00:00+02:00";134.86013986013984
"Humidity Outside";"2017-07-10T02:00:00+02:00";142.27222222222224
"Humidity Outside";"2017-07-11T02:00:00+02:00";97.84615384615387
"Humidity Outside";"2017-07-12T02:00:00+02:00";175.58857142857138
"Humidity Outside";"2017-07-13T02:00:00+02:00";108.01258741258745
"Humidity Outside";"2017-07-14T02:00:00+02:00";114.83125
"Humidity Outside";"2017-07-15T02:00:00+02:00";158.73216783216782
"Humidity Outside";"2017-07-16T02:00:00+02:00";64.64652777777776
"Humidity Outside";"2017-07-17T02:00:00+02:00";114.87916666666673
"Humidity Outside";"2017-07-18T02:00:00+02:00";111.95594405594412
"Humidity Outside";"2017-07-19T02:00:00+02:00";63.259558823529396
"Humidity Outside";"2017-07-20T02:00:00+02:00";81.16164383561645
"Humidity Outside";"2017-07-21T02:00:00+02:00";94.08521126760567
"Humidity Outside";"2017-07-22T02:00:00+02:00";71.24999999999999
"Humidity Outside";"2017-07-23T02:00:00+02:00";136.37430555555554
"Humidity Outside";"2017-07-24T02:00:00+02:00";81.22407407407407
"Humidity Outside";"2017-07-25T02:00:00+02:00";126.27701149425282
"Humidity Outside";"2017-07-26T02:00:00+02:00";94.44770642201833
"Humidity Outside";"2017-07-27T02:00:00+02:00";90.51071428571429
"Humidity Outside";"2017-07-28T02:00:00+02:00";86.29999999999997
"Humidity Outside";"2017-07-29T02:00:00+02:00";120.32777777777775
"Humidity Outside";"2017-07-30T02:00:00+02:00";75.31901408450703
"Humidity Outside";"2017-07-31T02:00:00+02:00";104.56846846846852
"Humidity Outside";"2017-08-01T02:00:00+02:00";99.41180555555559
"Humidity Outside";"2017-08-02T02:00:00+02:00";84.074
"Humidity Outside";"2017-08-03T02:00:00+02:00";88.24962962962961
"Humidity Outside";"2017-08-04T02:00:00+02:00";77.85954198473283
"Humidity Outside";"2017-08-05T02:00:00+02:00";75.47638888888893
"Humidity Outside";"2017-08-06T02:00:00+02:00";71.45486111111114
"Humidity Outside";"2017-08-07T02:00:00+02:00";123.81081081081079
"Humidity Outside";"2017-08-08T02:00:00+02:00";79.03146853146849
"Humidity Outside";"2017-08-09T02:00:00+02:00";140.9749999999999
"Humidity Outside";"2017-08-10T02:00:00+02:00";93.32847222222222
"Humidity Outside";"2017-08-11T02:00:00+02:00";96.08305084745759
"Humidity Outside";"2017-08-12T02:00:00+02:00";88.80833333333331
"Humidity Outside";"2017-08-13T02:00:00+02:00";89.21678321678318
"Humidity Outside";"2017-08-14T02:00:00+02:00";78.28194444444448
"Humidity Outside";"2017-08-15T02:00:00+02:00";75.25123966942147
"Humidity Outside";"2017-08-16T02:00:00+02:00";72.59382716049383
"Humidity Outside";"2017-08-17T02:00:00+02:00";104.36000000000003
"Humidity Outside";"2017-08-18T02:00:00+02:00";83.44609929078015
"Humidity Outside";"2017-08-19T02:00:00+02:00";102.80851063829785
"Humidity Outside";"2017-08-20T02:00:00+02:00";95.64366197183098
"Humidity Outside";"2017-08-21T02:00:00+02:00";142.74100719424462
"Humidity Outside";"2017-08-22T02:00:00+02:00";93.86713286713281
"Humidity Outside";"2017-08-23T02:00:00+02:00";99.03870967741935
"Humidity Outside";"2017-08-24T02:00:00+02:00";102.15763888888884
"Humidity Outside";"2017-08-25T02:00:00+02:00";73.64869565217388
"Humidity Outside";"2017-08-26T02:00:00+02:00";null
"Humidity Outside";"2017-08-27T02:00:00+02:00";null
"Humidity Outside";"2017-08-28T02:00:00+02:00";73.9288888888889
"Humidity Outside";"2017-08-29T02:00:00+02:00";73.22430555555556
"Humidity Outside";"2017-08-30T02:00:00+02:00";98.4590277777777
"Humidity Outside";"2017-08-31T02:00:00+02:00";96.45833333333341
"Humidity Outside";"2017-09-01T02:00:00+02:00";94.25244755244753
"Humidity Outside";"2017-09-02T02:00:00+02:00";131.8478873239436
"Humidity Outside";"2017-09-03T02:00:00+02:00";126.55244755244755
"Humidity Outside";"2017-09-04T02:00:00+02:00";74.04652777777777
"Humidity Outside";"2017-09-05T02:00:00+02:00";106.57000000000001
"Humidity Outside";"2017-09-06T02:00:00+02:00";81.369918699187
"Humidity Outside";"2017-09-07T02:00:00+02:00";149.95624999999993
"Humidity Outside";"2017-09-08T02:00:00+02:00";171.17234042553193
"Humidity Outside";"2017-09-09T02:00:00+02:00";117.8274647887324
"Humidity Outside";"2017-09-10T02:00:00+02:00";113.0223021582733
"Humidity Outside";"2017-09-11T02:00:00+02:00";111.11180555555552
"Humidity Outside";"2017-09-12T02:00:00+02:00";83.09860139860135
"Humidity Outside";"2017-09-13T02:00:00+02:00";87.83191489361698
"Humidity Outside";"2017-09-14T02:00:00+02:00";119.97152777777771
"Humidity Outside";"2017-09-15T02:00:00+02:00";84.96478873239434
"Humidity Outside";"2017-09-16T02:00:00+02:00";90.49440559440558
"Humidity Outside";"2017-09-17T02:00:00+02:00";84.71007194244609
"Humidity Outside";"2017-09-18T02:00:00+02:00";89.26549295774646
"Humidity Outside";"2017-09-19T02:00:00+02:00";108.52986111111103
"Humidity Outside";"2017-09-20T02:00:00+02:00";89.61167883211675
"Humidity Outside";"2017-09-21T02:00:00+02:00";264.738888888889
"Humidity Outside";"2017-09-22T02:00:00+02:00";330.3597222222222
"Humidity Outside";"2017-09-23T02:00:00+02:00";127.07777777777775
"Humidity Outside";"2017-09-24T02:00:00+02:00";104.34791666666668
"Humidity Outside";"2017-09-25T02:00:00+02:00";107.83740458015265
"Humidity Outside";"2017-09-26T02:00:00+02:00";83.22394366197179
"Humidity Outside";"2017-09-27T02:00:00+02:00";82.63680555555557
"Humidity Outside";"2017-09-28T02:00:00+02:00";88.86478873239435
"Humidity Outside";"2017-09-29T02:00:00+02:00";96.90349650349647
"Humidity Outside";"2017-09-30T02:00:00+02:00";89.81544715447153
"Humidity Outside";"2017-10-01T02:00:00+02:00";87.41258741258741
"Humidity Outside";"2017-10-02T02:00:00+02:00";98.8006993006992
"Humidity Outside";"2017-10-03T02:00:00+02:00";98.33680555555543
"Humidity Outside";"2017-10-04T02:00:00+02:00";94.230303030303
"Humidity Outside";"2017-10-05T02:00:00+02:00";115.60754716981117
"Humidity Outside";"2017-10-06T02:00:00+02:00";99.24583333333317
"Humidity Outside";"2017-10-07T02:00:00+02:00";93.09860139860137
"Humidity Outside";"2017-10-08T02:00:00+02:00";99.53636363636343
"Humidity Outside";"2017-10-09T02:00:00+02:00";117.29583333333329
"Humidity Outside";"2017-10-10T02:00:00+02:00";99.89999999999976
"Humidity Outside";"2017-10-11T02:00:00+02:00";97.19390243902437
"Humidity Outside";"2017-10-12T02:00:00+02:00";97.71818181818168
"Humidity Outside";"2017-10-13T02:00:00+02:00";95.12638888888878
"Humidity Outside";"2017-10-14T02:00:00+02:00";87.6539007092198
"Humidity Outside";"2017-10-15T02:00:00+02:00";131.16013986013994
"Humidity Outside";"2017-10-16T02:00:00+02:00";107.68732394366195
"Humidity Outside";"2017-10-17T02:00:00+02:00";84.13611111111112
"Humidity Outside";"2017-10-18T02:00:00+02:00";150.70763888888877
"Humidity Outside";"2017-10-19T02:00:00+02:00";90.13125
"Humidity Outside";"2017-10-20T02:00:00+02:00";110.9881118881119
"Humidity Outside";"2017-10-21T02:00:00+02:00";91.79999999999993
"Humidity Outside";"2017-10-22T02:00:00+02:00";137.97753623188433
"Humidity Outside";"2017-10-23T02:00:00+02:00";98.37943262411329
"Humidity Outside";"2017-10-24T02:00:00+02:00";99.75277777777757
"Humidity Outside";"2017-10-25T02:00:00+02:00";98.77342657342642
"Humidity Outside";"2017-10-26T02:00:00+02:00";118.90763888888881
"Humidity Outside";"2017-10-27T02:00:00+02:00";231.27361111111128
"Humidity Outside";"2017-10-28T02:00:00+02:00";97.33846153846144
"Humidity Outside";"2017-10-29T02:00:00+02:00";113.40327868852454
"Humidity Outside";"2017-10-30T01:00:00+01:00";99.06236559139778
"Humidity Outside";"2017-10-31T01:00:00+01:00";92.17986111111105
"Humidity Outside";"2017-11-01T01:00:00+01:00";89.73521126760556
"Humidity Outside";"2017-11-02T01:00:00+01:00";92.942361111111
"Humidity Outside";"2017-11-03T01:00:00+01:00";98.6978260869564
"Humidity Outside";"2017-11-04T01:00:00+01:00";99.27152777777758
"Humidity Outside";"2017-11-05T01:00:00+01:00";99.89999999999976
"Humidity Outside";"2017-11-06T01:00:00+01:00";99.8958333333331
"Humidity Outside";"2017-11-07T01:00:00+01:00";99.45069444444434
"Humidity Outside";"2017-11-08T01:00:00+01:00";99.89999999999976
"Humidity Outside";"2017-11-09T01:00:00+01:00";99.89999999999976
"Humidity Outside";"2017-11-10T01:00:00+01:00";99.89999999999976
"Humidity Outside";"2017-11-11T01:00:00+01:00";99.89999999999976
"Humidity Outside";"2017-11-12T01:00:00+01:00";99.89999999999976
"Humidity Outside";"2017-11-13T01:00:00+01:00";99.82013888888866
"Humidity Outside";"2017-11-14T01:00:00+01:00";99.43194444444423
"Humidity Outside";"2017-11-15T01:00:00+01:00";99.89999999999976
"Humidity Outside";"2017-11-16T01:00:00+01:00";99.89999999999976
"Humidity Outside";"2017-11-17T01:00:00+01:00";99.89999999999976
"Humidity Outside";"2017-11-18T01:00:00+01:00";97.79513888888886
"Humidity Outside";"2017-11-19T01:00:00+01:00";99.24583333333315
"Humidity Outside";"2017-11-20T01:00:00+01:00";99.89999999999976
"Humidity Outside";"2017-11-21T01:00:00+01:00";99.89999999999976
"Humidity Outside";"2017-11-22T01:00:00+01:00";88.75470085470074
"Humidity Outside";"2017-11-23T01:00:00+01:00";418.90625000000006
"Humidity Outside";"2017-11-24T01:00:00+01:00";202.38472222222282
"Humidity Outside";"2017-11-25T01:00:00+01:00";99.89999999999976
"Humidity Outside";"2017-11-26T01:00:00+01:00";99.00138888888871
"Humidity Outside";"2017-11-27T01:00:00+01:00";99.24930555555538
"Humidity Outside";"2017-11-28T01:00:00+01:00";99.89999999999976
"Humidity Outside";"2017-11-29T01:00:00+01:00";121.54305555555551
"Humidity Outside";"2017-11-30T01:00:00+01:00";99.89999999999976
"Humidity Outside";"2017-12-01T01:00:00+01:00";99.69022556390956
"Humidity Outside";"2017-12-02T01:00:00+01:00";99.9
"Humidity Outside";"2017-12-03T01:00:00+01:00";99.9
"Humidity Outside";"2017-12-04T01:00:00+01:00";99.89999999999989
"Humidity Outside";"2017-12-05T01:00:00+01:00";99.90000000000005
"Humidity Outside";"2017-12-06T01:00:00+01:00";99.89999999999984
"Humidity Outside";"2017-12-07T01:00:00+01:00";99.2027777777778
"Humidity Outside";"2017-12-08T01:00:00+01:00";96.96312056737571
"Humidity Outside";"2017-12-09T01:00:00+01:00";89.56666666666663
"Humidity Outside";"2017-12-10T01:00:00+01:00";93.12916666666648
"Humidity Outside";"2017-12-11T01:00:00+01:00";99.89999999999976
"Humidity Outside";"2017-12-12T01:00:00+01:00";97.39791666666653
"Humidity Outside";"2017-12-13T01:00:00+01:00";84.24097222222213
"Humidity Outside";"2017-12-14T01:00:00+01:00";130.88041958041978
"Humidity Outside";"2017-12-15T01:00:00+01:00";121.09027777777776
"Humidity Outside";"2017-12-16T01:00:00+01:00";119.66666666666659
"Humidity Outside";"2017-12-17T01:00:00+01:00";99.89999999999976
"Humidity Outside";"2017-12-18T01:00:00+01:00";99.3062499999998
"Humidity Outside";"2017-12-19T01:00:00+01:00";99.89999999999976
"Humidity Outside";"2017-12-20T01:00:00+01:00";99.89999999999976
"Humidity Outside";"2017-12-21T01:00:00+01:00";99.89999999999976
"Humidity Outside";"2017-12-22T01:00:00+01:00";99.89999999999976
"Humidity Outside";"2017-12-23T01:00:00+01:00";99.89999999999976
"Humidity Outside";"2017-12-24T01:00:00+01:00";99.89999999999976
"Humidity Outside";"2017-12-25T01:00:00+01:00";99.89999999999976
"Humidity Outside";"2017-12-26T01:00:00+01:00";92.37777777777768
"Humidity Outside";"2017-12-27T01:00:00+01:00";96.72027972027958
"Humidity Outside";"2017-12-28T01:00:00+01:00";99.89999999999976
"Humidity Outside";"2017-12-29T01:00:00+01:00";85.26041666666659
"Humidity Outside";"2017-12-30T01:00:00+01:00";99.89999999999976
"Humidity Outside";"2017-12-31T01:00:00+01:00";141.51736111111103
"Humidity Outside";"2018-01-01T01:00:00+01:00";89.63409090909093
"Humidity Outside";"2018-01-02T01:00:00+01:00";99.83678160919524
"Humidity Outside";"2018-01-03T01:00:00+01:00";120.4430555555556
"Humidity Outside";"2018-01-04T01:00:00+01:00";99.89999999999976
"Humidity Outside";"2018-01-05T01:00:00+01:00";98.5615384615383
"Humidity Outside";"2018-01-06T01:00:00+01:00";99.89999999999976
"Humidity Outside";"2018-01-07T01:00:00+01:00";99.89999999999976
"Humidity Outside";"2018-01-08T01:00:00+01:00";99.82323943661949
"Humidity Outside";"2018-01-09T01:00:00+01:00";98.55384615384592
"Humidity Outside";"2018-01-10T01:00:00+01:00";161.11063829787264
"Humidity Outside";"2018-01-11T01:00:00+01:00";99.89999999999976
"Humidity Outside";"2018-01-12T01:00:00+01:00";99.89999999999976
"Humidity Outside";"2018-01-13T01:00:00+01:00";99.89999999999976
"Humidity Outside";"2018-01-14T01:00:00+01:00";95.3253521126759
"Humidity Outside";"2018-01-15T01:00:00+01:00";124.96923076923068
"Humidity Outside";"2018-01-16T01:00:00+01:00";99.74113475177288
"Humidity Outside";"2018-01-17T01:00:00+01:00";98.01489361702109
"Humidity Outside";"2018-01-18T01:00:00+01:00";99.65384615384592
"Humidity Outside";"2018-01-19T01:00:00+01:00";94.91791044776105
"Humidity Outside";"2018-01-20T01:00:00+01:00";99.89999999999976
"Humidity Outside";"2018-01-21T01:00:00+01:00";99.20208333333312
"Humidity Outside";"2018-01-22T01:00:00+01:00";99.89999999999976
"Humidity Outside";"2018-01-23T01:00:00+01:00";99.89999999999976
"Humidity Outside";"2018-01-24T01:00:00+01:00";93.10789473684211
"Humidity Outside";"2018-01-25T01:00:00+01:00";93.14236111111107
"Humidity Outside";"2018-01-26T01:00:00+01:00";99.88541666666646
"Humidity Outside";"2018-01-27T01:00:00+01:00";99.89999999999976
"Humidity Outside";"2018-01-28T01:00:00+01:00";99.89999999999976
"Humidity Outside";"2018-01-29T01:00:00+01:00";99.89999999999976
"Humidity Outside";"2018-01-30T01:00:00+01:00";225.1319444444447
"Humidity Outside";"2018-01-31T01:00:00+01:00";297.70000000000044
"Humidity Outside";"2018-02-01T01:00:00+01:00";123.6119402985073
"Humidity Outside";"2018-02-02T01:00:00+01:00";98.02430555555544
"Humidity Outside";"2018-02-03T01:00:00+01:00";99.36249999999978
"Humidity Outside";"2018-02-04T01:00:00+01:00";99.89999999999976
"Humidity Outside";"2018-02-05T01:00:00+01:00";83.5236111111111
"Humidity Outside";"2018-02-06T01:00:00+01:00";89.13636363636354
"Humidity Outside";"2018-02-07T01:00:00+01:00";95.76180555555544
"Humidity Outside";"2018-02-08T01:00:00+01:00";89.13402777777773
"Humidity Outside";"2018-02-09T01:00:00+01:00";99.35347222222212
"Humidity Outside";"2018-02-10T01:00:00+01:00";99.72013888888868
"Humidity Outside";"2018-02-11T01:00:00+01:00";99.0055944055942
"Humidity Outside";"2018-02-12T01:00:00+01:00";96.56944444444434
"Humidity Outside";"2018-02-13T01:00:00+01:00";146.07430555555567
"Humidity Outside";"2018-02-14T01:00:00+01:00";76.37318840579708
"Humidity Outside";"2018-02-15T01:00:00+01:00";91.52167832167818
"Humidity Outside";"2018-02-16T01:00:00+01:00";91.58611111111097
"Humidity Outside";"2018-02-17T01:00:00+01:00";99.89999999999976
"Humidity Outside";"2018-02-18T01:00:00+01:00";94.28617886178853
"Humidity Outside";"2018-02-19T01:00:00+01:00";95.84861111111098
"Humidity Outside";"2018-02-20T01:00:00+01:00";97.76338028169003
"Humidity Outside";"2018-02-21T01:00:00+01:00";75.93055555555551
"Humidity Outside";"2018-02-22T01:00:00+01:00";85.64791666666673
"Humidity Outside";"2018-02-23T01:00:00+01:00";78.12500000000003
"Humidity Outside";"2018-02-24T01:00:00+01:00";49.84027777777777
"Humidity Outside";"2018-02-25T01:00:00+01:00";64.95211267605636
"Humidity Outside";"2018-02-26T01:00:00+01:00";65.74295774647884
"Humidity Outside";"2018-02-27T01:00:00+01:00";50.526388888888896
"Humidity Outside";"2018-02-28T01:00:00+01:00";47.02269503546099
"Humidity Outside";"2018-03-01T01:00:00+01:00";65.76249999999999
"Humidity Outside";"2018-03-02T01:00:00+01:00";151.52517482517484
"Humidity Outside";"2018-03-03T01:00:00+01:00";201.67902097902123
"Humidity Outside";"2018-03-04T01:00:00+01:00";98.99494949494932
"Humidity Outside";"2018-03-05T01:00:00+01:00";87.46111111111108
"Humidity Outside";"2018-03-06T01:00:00+01:00";97.65277777777764
"Humidity Outside";"2018-03-07T01:00:00+01:00";115.15624999999987
"Humidity Outside";"2018-03-08T01:00:00+01:00";81.15833333333333
"Humidity Outside";"2018-03-09T01:00:00+01:00";99.89999999999976
"Humidity Outside";"2018-03-10T01:00:00+01:00";99.50069444444425
"Humidity Outside";"2018-03-11T01:00:00+01:00";88.19477611940286
"Humidity Outside";"2018-03-12T01:00:00+01:00";98.74236111111097
"Humidity Outside";"2018-03-13T01:00:00+01:00";98.66691729323293
"Humidity Outside";"2018-03-14T01:00:00+01:00";95.75347222222204
"Humidity Outside";"2018-03-15T01:00:00+01:00";109.4900900900901
"Humidity Outside";"2018-03-16T01:00:00+01:00";99.89999999999984
"Humidity Outside";"2018-03-17T01:00:00+01:00";98.80902777777764
"Humidity Outside";"2018-03-18T01:00:00+01:00";92.59084507042247
"Humidity Outside";"2018-03-19T01:00:00+01:00";67.00138888888888
"Humidity Outside";"2018-03-20T01:00:00+01:00";81.41188811188802
"Humidity Outside";"2018-03-21T01:00:00+01:00";87.3225352112676
"Humidity Outside";"2018-03-22T01:00:00+01:00";88.3069444444443
"Humidity Outside";"2018-03-23T01:00:00+01:00";99.89999999999976
"Humidity Outside";"2018-03-24T01:00:00+01:00";81.17499999999991
"Humidity Outside";"2018-03-25T01:00:00+01:00";77.22430555555553
"Humidity Outside";"2018-03-26T02:00:00+02:00";115.47638888888883
"Humidity Outside";"2018-03-27T02:00:00+02:00";124.62847222222217
"Humidity Outside";"2018-03-28T02:00:00+02:00";95.70422535211254
"Humidity Outside";"2018-03-29T02:00:00+02:00";262.38333333333344
"Humidity Outside";"2018-03-30T02:00:00+02:00";304.6251748251748
"Humidity Outside";"2018-03-31T02:00:00+02:00";94.09861111111096
"Humidity Outside";"2018-04-01T02:00:00+02:00";99.0202898550723
"Humidity Outside";"2018-04-02T02:00:00+02:00";69.83684210526313
"Humidity Outside";"2018-04-03T02:00:00+02:00";102.74405594405599
"Humidity Outside";"2018-04-04T02:00:00+02:00";102.27375886524823
"Humidity Outside";"2018-04-05T02:00:00+02:00";89.12291666666661
"Humidity Outside";"2018-04-06T02:00:00+02:00";91.70416666666671
"Humidity Outside";"2018-04-07T02:00:00+02:00";67.21478873239435
"Humidity Outside";"2018-04-08T02:00:00+02:00";119.13263888888893
"Humidity Outside";"2018-04-09T02:00:00+02:00";106.03426573426572
"Humidity Outside";"2018-04-10T02:00:00+02:00";83.59236111111106
"Humidity Outside";"2018-04-11T02:00:00+02:00";87.55208333333326
"Humidity Outside";"2018-04-12T02:00:00+02:00";85.58425196850384
"Humidity Outside";"2018-04-13T02:00:00+02:00";99.89999999999976
"Humidity Outside";"2018-04-14T02:00:00+02:00";105.1014285714285
"Humidity Outside";"2018-04-15T02:00:00+02:00";80.7431506849315
"Humidity Outside";"2018-04-16T02:00:00+02:00";109.77407407407406
"Humidity Outside";"2018-04-17T02:00:00+02:00";102.57552447552449
"Humidity Outside";"2018-04-18T02:00:00+02:00";72.4174825174825
"Humidity Outside";"2018-04-19T02:00:00+02:00";68.99791666666668
"Humidity Outside";"2018-04-20T02:00:00+02:00";73.51180555555557
"Humidity Outside";"2018-04-21T02:00:00+02:00";99.36971830985911
"Humidity Outside";"2018-04-22T02:00:00+02:00";75.28680555555553
"Humidity Outside";"2018-04-23T02:00:00+02:00";93.14436619718299
"Humidity Outside";"2018-04-24T02:00:00+02:00";130.76853146853168
"Humidity Outside";"2018-04-25T02:00:00+02:00";103.73146853146852
"Humidity Outside";"2018-04-26T02:00:00+02:00";74.27916666666667
"Humidity Outside";"2018-04-27T02:00:00+02:00";91.09375000000003
"Humidity Outside";"2018-04-28T02:00:00+02:00";121.92152777777775
"Humidity Outside";"2018-04-29T02:00:00+02:00";371.81749999999994
"Humidity Outside";"2018-04-30T02:00:00+02:00";391.33642857142866
"Humidity Outside";"2018-05-01T02:00:00+02:00";288.8833333333334
"Humidity Outside";"2018-05-02T02:00:00+02:00";96.9708333333334
"Humidity Outside";"2018-05-03T02:00:00+02:00";114.25625000000001
"Humidity Outside";"2018-05-04T02:00:00+02:00";66.32166666666669
"Humidity Outside";"2018-05-05T02:00:00+02:00";86.58970588235296
"Humidity Outside";"2018-05-06T02:00:00+02:00";58.9548387096774
"Humidity Outside";"2018-05-07T02:00:00+02:00";84.85
"Humidity Outside";"2018-05-08T02:00:00+02:00";85.3762237762238
"Humidity Outside";"2018-05-09T02:00:00+02:00";101.22986111111112
"Humidity Outside";"2018-05-10T02:00:00+02:00";89.3158273381294
"Humidity Outside";"2018-05-11T02:00:00+02:00";136.10833333333366
"Humidity Outside";"2018-05-12T02:00:00+02:00";77.90729927007305
"Humidity Outside";"2018-05-13T02:00:00+02:00";112.99440559440545
"Humidity Outside";"2018-05-14T02:00:00+02:00";96.13407407407391
"Humidity Outside";"2018-05-15T02:00:00+02:00";112.09305555555545
"Humidity Outside";"2018-05-16T02:00:00+02:00";99.38055555555535
"Humidity Outside";"2018-05-17T02:00:00+02:00";99.89999999999976
"Humidity Outside";"2018-05-18T02:00:00+02:00";112.50486111111105
"Humidity Outside";"2018-05-19T02:00:00+02:00";109.48666666666665
"Humidity Outside";"2018-05-20T02:00:00+02:00";103.17588652482264
"Humidity Outside";"2018-05-21T02:00:00+02:00";96.75441176470588
"Humidity Outside";"2018-05-22T02:00:00+02:00";125.23402777777775
"Humidity Outside";"2018-05-23T02:00:00+02:00";115.4623076923076
"Humidity Outside";"2018-05-24T02:00:00+02:00";121.30144927536223
"Humidity Outside";"2018-05-25T02:00:00+02:00";114.49929577464776
"Humidity Outside";"2018-05-26T02:00:00+02:00";110.60895522388053
"Humidity Outside";"2018-05-27T02:00:00+02:00";426.40559440559485
"Humidity Outside";"2018-05-28T02:00:00+02:00";336.2607142857144
"Humidity Outside";"2018-05-29T02:00:00+02:00";97.9105263157894
"Humidity Outside";"2018-05-30T02:00:00+02:00";85.67111111111103
"Humidity Outside";"2018-05-31T02:00:00+02:00";83.96433566433566
"Humidity Outside";"2018-06-01T02:00:00+02:00";112.11285714285705
"Humidity Outside";"2018-06-02T02:00:00+02:00";86.1020979020979
"Humidity Outside";"2018-06-03T02:00:00+02:00";84.56240601503755
"Humidity Outside";"2018-06-04T02:00:00+02:00";79.01875000000005
"Humidity Outside";"2018-06-05T02:00:00+02:00";78.17062937062941
"Humidity Outside";"2018-06-06T02:00:00+02:00";80.69343065693434
"Humidity Outside";"2018-06-07T02:00:00+02:00";93.46527777777763
"Humidity Outside";"2018-06-08T02:00:00+02:00";89.5701388888888
"Humidity Outside";"2018-06-09T02:00:00+02:00";92.72499999999987
"Humidity Outside";"2018-06-10T02:00:00+02:00";96.71018518518507
"Humidity Outside";"2018-06-11T02:00:00+02:00";94.56569343065681
"Humidity Outside";"2018-06-12T02:00:00+02:00";99.89999999999976
"Humidity Outside";"2018-06-13T02:00:00+02:00";115.73541666666665
"Humidity Outside";"2018-06-14T02:00:00+02:00";176.27552447552463
"Humidity Outside";"2018-06-15T02:00:00+02:00";105.99626865671638
"Humidity Outside";"2018-06-16T02:00:00+02:00";122.61153846153836
"Humidity Outside";"2018-06-17T02:00:00+02:00";91.50212765957436
"Humidity Outside";"2018-06-18T02:00:00+02:00";83.19930555555554
"Humidity Outside";"2018-06-19T02:00:00+02:00";141.9533333333334
"Humidity Outside";"2018-06-20T02:00:00+02:00";80.44333333333329
"Humidity Outside";"2018-06-21T02:00:00+02:00";119.69652777777782
"Humidity Outside";"2018-06-22T02:00:00+02:00";73.01538461538462
"Humidity Outside";"2018-06-23T02:00:00+02:00";157.83404255319144
"Humidity Outside";"2018-06-24T02:00:00+02:00";105.49044117647061
"Humidity Outside";"2018-06-25T02:00:00+02:00";103.06944444444447
"Humidity Outside";"2018-06-26T02:00:00+02:00";135.62777777777794
"Humidity Outside";"2018-06-27T02:00:00+02:00";95.63472222222224
"Humidity Outside";"2018-06-28T02:00:00+02:00";90.4013986013985
"Humidity Outside";"2018-06-29T02:00:00+02:00";83.56131386861313
"Humidity Outside";"2018-06-30T02:00:00+02:00";69.84038461538465
"Humidity Outside";"2018-07-01T02:00:00+02:00";111.83211009174315
"Humidity Outside";"2018-07-02T02:00:00+02:00";100.67777777777778
"Humidity Outside";"2018-07-03T02:00:00+02:00";60.7173611111111
"Humidity Outside";"2018-07-04T02:00:00+02:00";70.54732824427482
"Humidity Outside";"2018-07-05T02:00:00+02:00";87.4028776978417
"Humidity Outside";"2018-07-06T02:00:00+02:00";80.41249999999994
"Humidity Outside";"2018-07-07T02:00:00+02:00";93.17164179104485
"Humidity Outside";"2018-07-08T02:00:00+02:00";63.96923076923077
"Humidity Outside";"2018-07-09T02:00:00+02:00";91.40419580419578
"Humidity Outside";"2018-07-10T02:00:00+02:00";81.02291666666656
"Humidity Outside";"2018-07-11T02:00:00+02:00";83.67697841726617
"Humidity Outside";"2018-07-12T02:00:00+02:00";189.66111111111115
"Humidity Outside";"2018-07-13T02:00:00+02:00";286.0165467625898
"Humidity Outside";"2018-07-14T02:00:00+02:00";140.02638888888885
"Humidity Outside";"2018-07-15T02:00:00+02:00";151.0666666666667
"Humidity Outside";"2018-07-16T02:00:00+02:00";88.60694444444434
"Humidity Outside";"2018-07-17T02:00:00+02:00";115.58181818181819
"Humidity Outside";"2018-07-18T02:00:00+02:00";68.28345323741006
"Humidity Outside";"2018-07-19T02:00:00+02:00";65.95352112676055
"Humidity Outside";"2018-07-20T02:00:00+02:00";89.52587412587418
"Humidity Outside";"2018-07-21T02:00:00+02:00";119.49565217391276
"Humidity Outside";"2018-07-22T02:00:00+02:00";99.89899999999982
"Humidity Outside";"2018-07-23T02:00:00+02:00";106.69791666666661
"Humidity Outside";"2018-07-24T02:00:00+02:00";121.99020979020978
"Humidity Outside";"2018-07-25T02:00:00+02:00";73.02307692307697
"Humidity Outside";"2018-07-26T02:00:00+02:00";67.80625
"Humidity Outside";"2018-07-27T02:00:00+02:00";71.75664335664338
"Humidity Outside";"2018-07-28T02:00:00+02:00";77.81538461538467
"Humidity Outside";"2018-07-29T02:00:00+02:00";72.10486111111112
"Humidity Outside";"2018-07-30T02:00:00+02:00";65.88541666666667
"Humidity Outside";"2018-07-31T02:00:00+02:00";64.60972222222223
"Humidity Outside";"2018-08-01T02:00:00+02:00";88.8161971830986
"Humidity Outside";"2018-08-02T02:00:00+02:00";100.71250000000002
"Humidity Outside";"2018-08-03T02:00:00+02:00";94.1436363636364
"Humidity Outside";"2018-08-04T02:00:00+02:00";55.41875
"Humidity Outside";"2018-08-05T02:00:00+02:00";65.05624999999996
"Humidity Outside";"2018-08-06T02:00:00+02:00";102.6145631067961
"Humidity Outside";"2018-08-07T02:00:00+02:00";112.12424242424245
"Humidity Outside";"2018-08-08T02:00:00+02:00";71.5811594202899
"Humidity Outside";"2018-08-09T02:00:00+02:00";95.21544117647063
"Humidity Outside";"2018-08-10T02:00:00+02:00";64.66293706293709
"Humidity Outside";"2018-08-11T02:00:00+02:00";62.906617647058845
"Humidity Outside";"2018-08-12T02:00:00+02:00";59.028169014084504
"Humidity Outside";"2018-08-13T02:00:00+02:00";327.8436619718311
"Humidity Outside";"2018-08-14T02:00:00+02:00";198.97762237762257
"Humidity Outside";"2018-08-15T02:00:00+02:00";171.6548611111112
"Humidity Outside";"2018-08-16T02:00:00+02:00";99.61136363636366
"Humidity Outside";"2018-08-17T02:00:00+02:00";null
"Humidity Outside";"2018-08-18T02:00:00+02:00";119.38382352941177
"Humidity Outside";"2018-08-19T02:00:00+02:00";70.86153846153847
"Humidity Outside";"2018-08-20T02:00:00+02:00";117.875
"Humidity Outside";"2018-08-21T02:00:00+02:00";85.92058823529415
"Humidity Outside";"2018-08-22T02:00:00+02:00";null
"Humidity Outside";"2018-08-23T02:00:00+02:00";null
"Humidity Outside";"2018-08-24T02:00:00+02:00";null
"Humidity Outside";"2018-08-25T02:00:00+02:00";null
"Humidity Outside";"2018-08-26T02:00:00+02:00";null
"Humidity Outside";"2018-08-27T02:00:00+02:00";null
"Humidity Outside";"2018-08-28T02:00:00+02:00";null
"Humidity Outside";"2018-08-29T02:00:00+02:00";null
"Humidity Outside";"2018-08-30T02:00:00+02:00";null
"Humidity Outside";"2018-08-31T02:00:00+02:00";99.89999999999989
"Humidity Outside";"2018-09-01T02:00:00+02:00";62.73846153846154
"Humidity Outside";"2018-09-02T02:00:00+02:00";97.01056338028145
"Humidity Outside";"2018-09-03T02:00:00+02:00";99.89999999999976
"Humidity Outside";"2018-09-04T02:00:00+02:00";116.81205673758858
"Humidity Outside";"2018-09-05T02:00:00+02:00";81.23611111111109
"Humidity Outside";"2018-09-06T02:00:00+02:00";83.42222222222212
"Humidity Outside";"2018-09-07T02:00:00+02:00";91.90281690140836
"Humidity Outside";"2018-09-08T02:00:00+02:00";118.6284722222222
"Humidity Outside";"2018-09-09T02:00:00+02:00";134.4
"Humidity Outside";"2018-09-10T02:00:00+02:00";112.70559440559443
"Humidity Outside";"2018-09-11T02:00:00+02:00";112.57430555555555
"Humidity Outside";"2018-09-12T02:00:00+02:00";90.8131944444444
"Humidity Outside";"2018-09-13T02:00:00+02:00";88.66666666666656
"Humidity Outside";"2018-09-14T02:00:00+02:00";93.09236111111102
"Humidity Outside";"2018-09-15T02:00:00+02:00";118.18741258741261
"Humidity Outside";"2018-09-16T02:00:00+02:00";68.13566433566433
"Humidity Outside";"2018-09-17T02:00:00+02:00";90.53541666666663
"Humidity Outside";"2018-09-18T02:00:00+02:00";90.72916666666666
"Humidity Outside";"2018-09-19T02:00:00+02:00";160.21388888888893
"Humidity Outside";"2018-09-20T02:00:00+02:00";117.91041666666668
"Humidity Outside";"2018-09-21T02:00:00+02:00";129.0062500000001
"Humidity Outside";"2018-09-22T02:00:00+02:00";118.65000000000006
"Humidity Outside";"2018-09-23T02:00:00+02:00";99.45845070422514
"Humidity Outside";"2018-09-24T02:00:00+02:00";153.02569444444458
"Humidity Outside";"2018-09-25T02:00:00+02:00";99.43636363636362
"Humidity Outside";"2018-09-26T02:00:00+02:00";141.02727272727282
"Humidity Outside";"2018-09-27T02:00:00+02:00";72.53356643356643
"Humidity Outside";"2018-09-28T02:00:00+02:00";72.75624999999997
"Humidity Outside";"2018-09-29T02:00:00+02:00";108.8625
"Humidity Outside";"2018-09-30T02:00:00+02:00";95.92638888888881
"Humidity Outside";"2018-10-01T02:00:00+02:00";126.01285714285727
"Humidity Outside";"2018-10-02T02:00:00+02:00";114.6594405594405
"Humidity Outside";"2018-10-03T02:00:00+02:00";132.16423357664235
"Humidity Outside";"2018-10-04T02:00:00+02:00";144.37569444444446
"Humidity Outside";"2018-10-05T02:00:00+02:00";78.43194444444445
"Humidity Outside";"2018-10-06T02:00:00+02:00";84.19583333333328
"Humidity Outside";"2018-10-07T02:00:00+02:00";83.28333333333326
"Humidity Outside";"2018-10-08T02:00:00+02:00";134.43680555555574
"Humidity Outside";"2018-10-09T02:00:00+02:00";110.64965034965029
"Humidity Outside";"2018-10-10T02:00:00+02:00";106.57887323943662
"Humidity Outside";"2018-10-11T02:00:00+02:00";74.1402777777778
"Humidity Outside";"2018-10-12T02:00:00+02:00";77.75624999999997
"Humidity Outside";"2018-10-13T02:00:00+02:00";120.00138888888894
"Humidity Outside";"2018-10-14T02:00:00+02:00";143.40833333333336
"Humidity Outside";"2018-10-15T02:00:00+02:00";70.17785714285714
"Humidity Outside";"2018-10-16T02:00:00+02:00";73.79064748201438
"Humidity Outside";"2018-10-17T02:00:00+02:00";100.00069930069932
"Humidity Outside";"2018-10-18T02:00:00+02:00";104.61944444444438
"Humidity Outside";"2018-10-19T02:00:00+02:00";85.24861111111103
"Humidity Outside";"2018-10-20T02:00:00+02:00";82.16993006993003
"Humidity Outside";"2018-10-21T02:00:00+02:00";121.38251748251749
"Humidity Outside";"2018-10-22T02:00:00+02:00";104.48958333333317
"Humidity Outside";"2018-10-23T02:00:00+02:00";105.79097222222217
"Humidity Outside";"2018-10-24T02:00:00+02:00";98.45524475524452
"Humidity Outside";"2018-10-25T02:00:00+02:00";99.89999999999976
"Humidity Outside";"2018-10-26T02:00:00+02:00";204.53541666666692
"Humidity Outside";"2018-10-27T02:00:00+02:00";119.72535211267606
"Humidity Outside";"2018-10-28T02:00:00+02:00";99.89999999999976
"Humidity Outside";"2018-10-29T01:00:00+01:00";99.89999999999976
"Humidity Outside";"2018-10-30T01:00:00+01:00";99.21180555555537
"Humidity Outside";"2018-10-31T01:00:00+01:00";131.41250000000008
"Humidity Outside";"2018-11-01T01:00:00+01:00";90.8710743801652
"Humidity Outside";"2018-11-02T01:00:00+01:00";97.16293706293695
"Humidity Outside";"2018-11-03T01:00:00+01:00";98.25211267605621
"Humidity Outside";"2018-11-04T01:00:00+01:00";99.89999999999976
"Humidity Outside";"2018-11-05T01:00:00+01:00";93.90209790209775
"Humidity Outside";"2018-11-06T01:00:00+01:00";93.30555555555547
"Humidity Outside";"2018-11-07T01:00:00+01:00";134.2479166666669
"Humidity Outside";"2018-11-08T01:00:00+01:00";99.89999999999976
"Humidity Outside";"2018-11-09T01:00:00+01:00";99.89999999999976
"Humidity Outside";"2018-11-10T01:00:00+01:00";98.12916666666648
"Humidity Outside";"2018-11-11T01:00:00+01:00";117.48958333333326
"Humidity Outside";"2018-11-12T01:00:00+01:00";89.87972027972019
"Humidity Outside";"2018-11-13T01:00:00+01:00";99.89999999999976
"Humidity Outside";"2018-11-14T01:00:00+01:00";99.89999999999976
"Humidity Outside";"2018-11-15T01:00:00+01:00";99.7083333333331
"Humidity Outside";"2018-11-16T01:00:00+01:00";88.64316546762582
"Humidity Outside";"2018-11-17T01:00:00+01:00";78.2191489361702
"Humidity Outside";"2018-11-18T01:00:00+01:00";106.04225352112678
"Humidity Outside";"2018-11-19T01:00:00+01:00";112.32097902097902
"Humidity Outside";"2018-11-20T01:00:00+01:00";99.4444444444442
"Humidity Outside";"2018-11-21T01:00:00+01:00";99.89999999999976
"Humidity Outside";"2018-11-22T01:00:00+01:00";97.75174825174814
"Humidity Outside";"2018-11-23T01:00:00+01:00";99.89999999999976
"Humidity Outside";"2018-11-24T01:00:00+01:00";99.18489208633075
"Humidity Outside";"2018-11-25T01:00:00+01:00";99.89999999999976
"Humidity Outside";"2018-11-26T01:00:00+01:00";99.89999999999978
"Humidity Outside";"2018-11-27T01:00:00+01:00";99.89999999999976
"Humidity Outside";"2018-11-28T01:00:00+01:00";99.89999999999976
"Humidity Outside";"2018-11-29T01:00:00+01:00";161.38156028368792
"Humidity Outside";"2018-11-30T01:00:00+01:00";99.89928571428548
"Humidity Outside";"2018-12-01T01:00:00+01:00";97.87762237762223
"Humidity Outside";"2018-12-02T01:00:00+01:00";99.89999999999976
"Humidity Outside";"2018-12-03T01:00:00+01:00";99.89999999999976
"Humidity Outside";"2018-12-04T01:00:00+01:00";99.89999999999976
"Humidity Outside";"2018-12-05T01:00:00+01:00";99.89999999999976
"Humidity Outside";"2018-12-06T01:00:00+01:00";99.89999999999976
"Humidity Outside";"2018-12-07T01:00:00+01:00";99.89580419580398
"Humidity Outside";"2018-12-08T01:00:00+01:00";99.86690140845049
"Humidity Outside";"2018-12-09T01:00:00+01:00";99.89999999999976
"Humidity Outside";"2018-12-10T01:00:00+01:00";99.69027777777755
"Humidity Outside";"2018-12-11T01:00:00+01:00";99.88759124087568
"Humidity Outside";"2018-12-12T01:00:00+01:00";99.16783216783196
"Humidity Outside";"2018-12-13T01:00:00+01:00";117.3900709219858
"Humidity Outside";"2018-12-14T01:00:00+01:00";92.6611111111111
"Humidity Outside";"2018-12-15T01:00:00+01:00";108.94305555555549
"Humidity Outside";"2018-12-16T01:00:00+01:00";97.09020979020956
"Humidity Outside";"2018-12-17T01:00:00+01:00";99.89999999999976
"Humidity Outside";"2018-12-18T01:00:00+01:00";99.03220338983044
"Humidity Outside";"2018-12-19T01:00:00+01:00";99.89999999999976
"Humidity Outside";"2018-12-20T01:00:00+01:00";99.89999999999976
"Humidity Outside";"2018-12-21T01:00:00+01:00";99.89999999999976
"Humidity Outside";"2018-12-22T01:00:00+01:00";99.89999999999976
"Humidity Outside";"2018-12-23T01:00:00+01:00";99.89999999999976
"Humidity Outside";"2018-12-24T01:00:00+01:00";99.89999999999976
"Humidity Outside";"2018-12-25T01:00:00+01:00";99.89999999999976
"Humidity Outside";"2018-12-26T01:00:00+01:00";96.0097222222221
"Humidity Outside";"2018-12-27T01:00:00+01:00";97.4105633802815
"Humidity Outside";"2018-12-28T01:00:00+01:00";114.80845070422527
"Humidity Outside";"2018-12-29T01:00:00+01:00";99.89999999999978
"Humidity Outside";"2018-12-30T01:00:00+01:00";99.89999999999976
"Humidity Outside";"2018-12-31T01:00:00+01:00";99.89999999999976
"Humidity Outside";"2019-01-01T01:00:00+01:00";99.89999999999976
"Humidity Outside";"2019-01-02T01:00:00+01:00";117.45467625899276
"Humidity Outside";"2019-01-03T01:00:00+01:00";96.49722222222205
"Humidity Outside";"2019-01-04T01:00:00+01:00";99.89999999999976
"Humidity Outside";"2019-01-05T01:00:00+01:00";99.89999999999976
"Humidity Outside";"2019-01-06T01:00:00+01:00";99.89999999999976
"Humidity Outside";"2019-01-07T01:00:00+01:00";99.89999999999976
"Humidity Outside";"2019-01-08T01:00:00+01:00";99.89999999999976
"Humidity Outside";"2019-01-09T01:00:00+01:00";99.89999999999976
"Humidity Outside";"2019-01-10T01:00:00+01:00";99.88888888888864
"Humidity Outside";"2019-01-11T01:00:00+01:00";99.89790209790186
"Humidity Outside";"2019-01-12T01:00:00+01:00";99.89999999999976
"Humidity Outside";"2019-01-13T01:00:00+01:00";99.89999999999976
"Humidity Outside";"2019-01-14T01:00:00+01:00";122.38321678321672
"Humidity Outside";"2019-01-15T01:00:00+01:00";99.89999999999978
"Humidity Outside";"2019-01-16T01:00:00+01:00";119.30486111111107
"Humidity Outside";"2019-01-17T01:00:00+01:00";99.18472222222199
"Humidity Outside";"2019-01-18T01:00:00+01:00";96.61608391608381
"Humidity Outside";"2019-01-19T01:00:00+01:00";130.50138888888887
"Humidity Outside";"2019-01-20T01:00:00+01:00";97.65244755244748
"Humidity Outside";"2019-01-21T01:00:00+01:00";86.74166666666669
"Humidity Outside";"2019-01-22T01:00:00+01:00";96.13333333333327
"Humidity Outside";"2019-01-23T01:00:00+01:00";98.92517482517478
"Humidity Outside";"2019-01-24T01:00:00+01:00";97.55985401459857
"Humidity Outside";"2019-01-25T01:00:00+01:00";97.44125874125865
"Humidity Outside";"2019-01-26T01:00:00+01:00";99.89999999999976
"Humidity Outside";"2019-01-27T01:00:00+01:00";98.517361111111
"Humidity Outside";"2019-01-28T01:00:00+01:00";99.89999999999976
"Humidity Outside";"2019-01-29T01:00:00+01:00";98.05390624999987
"Humidity Outside";"2019-01-30T01:00:00+01:00";293.95833333333326
"Humidity Outside";"2019-01-31T01:00:00+01:00";469.4326388888894
"Humidity Outside";"2019-02-01T01:00:00+01:00";99.51180555555533
"Humidity Outside";"2019-02-02T01:00:00+01:00";98.75555555555535
"Humidity Outside";"2019-02-03T01:00:00+01:00";99.35694444444445
"Humidity Outside";"2019-02-04T01:00:00+01:00";83.82430555555555
"Humidity Outside";"2019-02-05T01:00:00+01:00";86.3194444444444
"Humidity Outside";"2019-02-06T01:00:00+01:00";111.8545454545454
"Humidity Outside";"2019-02-07T01:00:00+01:00";99.73749999999981
"Humidity Outside";"2019-02-08T01:00:00+01:00";107.54999999999997
"Humidity Outside";"2019-02-09T01:00:00+01:00";128.1229166666667
"Humidity Outside";"2019-02-10T01:00:00+01:00";92.58849557522109
"Humidity Outside";"2019-02-11T01:00:00+01:00";98.80416666666656
"Humidity Outside";"2019-02-12T01:00:00+01:00";120.00902777777777
"Humidity Outside";"2019-02-13T01:00:00+01:00";106.30277777777775
"Humidity Outside";"2019-02-14T01:00:00+01:00";86.00902777777772
"Humidity Outside";"2019-02-15T01:00:00+01:00";123.72430555555553
"Humidity Outside";"2019-02-16T01:00:00+01:00";101.73333333333328
"Humidity Outside";"2019-02-17T01:00:00+01:00";152.0480620155039
"Humidity Outside";"2019-02-18T01:00:00+01:00";74.80699300699297
"Humidity Outside";"2019-02-19T01:00:00+01:00";87.10277777777772
"Humidity Outside";"2019-02-20T01:00:00+01:00";176.83402777777786
"Humidity Outside";"2019-02-21T01:00:00+01:00";93.18194444444437
"Humidity Outside";"2019-02-22T01:00:00+01:00";137.30000000000004
"Humidity Outside";"2019-02-23T01:00:00+01:00";111.93692307692304
"Humidity Outside";"2019-02-24T01:00:00+01:00";72.80138888888885
"Humidity Outside";"2019-02-25T01:00:00+01:00";198.19440559440557
"Humidity Outside";"2019-02-26T01:00:00+01:00";67.36875
"Humidity Outside";"2019-02-27T01:00:00+01:00";81.81888111888111
"Humidity Outside";"2019-02-28T01:00:00+01:00";198.31319444444452
"Humidity Outside";"2019-03-01T01:00:00+01:00";98.24652777777754
"Humidity Outside";"2019-03-02T01:00:00+01:00";122.62394366197172
"Humidity Outside";"2019-03-03T01:00:00+01:00";337.86944444444447
"Humidity Outside";"2019-03-04T01:00:00+01:00";470.6725352112674
"Humidity Outside";"2019-03-05T01:00:00+01:00";192.77164179104537
"Humidity Outside";"2019-03-06T01:00:00+01:00";172.60277777777776
"Humidity Outside";"2019-03-07T01:00:00+01:00";168.5622377622378
"Humidity Outside";"2019-03-08T01:00:00+01:00";155.19720279720298
"Humidity Outside";"2019-03-09T01:00:00+01:00";116.94615384615372
"Humidity Outside";"2019-03-10T01:00:00+01:00";91.7246478873238
"Humidity Outside";"2019-03-11T01:00:00+01:00";112.19857142857138
"Humidity Outside";"2019-03-12T01:00:00+01:00";109.53958333333333
"Humidity Outside";"2019-03-13T01:00:00+01:00";102.25563380281683
"Humidity Outside";"2019-03-14T01:00:00+01:00";99.8845070422533
"Humidity Outside";"2019-03-15T01:00:00+01:00";99.89999999999976
"Humidity Outside";"2019-03-16T01:00:00+01:00";99.20571428571414
"Humidity Outside";"2019-03-17T01:00:00+01:00";157.445390070922
"Humidity Outside";"2019-03-18T01:00:00+01:00";114.54680851063827
"Humidity Outside";"2019-03-19T01:00:00+01:00";101.63216783216778
"Humidity Outside";"2019-03-20T01:00:00+01:00";69.53642857142853
"Humidity Outside";"2019-03-21T01:00:00+01:00";86.66338028169012
"Humidity Outside";"2019-03-22T01:00:00+01:00";134.92816901408457
"Humidity Outside";"2019-03-23T01:00:00+01:00";115.62746478873238
"Humidity Outside";"2019-03-24T01:00:00+01:00";102.7170212765957
"Humidity Outside";"2019-03-25T01:00:00+01:00";172.47569444444443
"Humidity Outside";"2019-03-26T01:00:00+01:00";169.18263888888885
"Humidity Outside";"2019-03-27T01:00:00+01:00";118.33749999999996
"Humidity Outside";"2019-03-28T01:00:00+01:00";100.85174825174823
"Humidity Outside";"2019-03-29T01:00:00+01:00";97.11276595744683
"Humidity Outside";"2019-03-30T01:00:00+01:00";134.7791666666666
"Humidity Outside";"2019-03-31T01:00:00+01:00";64.36153846153847
"Humidity Outside";"2019-04-01T02:00:00+02:00";92.18461538461544
"Humidity Outside";"2019-04-02T02:00:00+02:00";373.64366197183097
"Humidity Outside";"2019-04-03T02:00:00+02:00";352.89236641221373
"Humidity Outside";"2019-04-04T02:00:00+02:00";211.03309859154945
"Humidity Outside";"2019-04-05T02:00:00+02:00";142.8034965034967
"Humidity Outside";"2019-04-06T02:00:00+02:00";125.36170212765963
"Humidity Outside";"2019-04-07T02:00:00+02:00";161.6464788732395
"Humidity Outside";"2019-04-08T02:00:00+02:00";103.0120567375886
"Humidity Outside";"2019-04-09T02:00:00+02:00";89.86357142857138
"Humidity Outside";"2019-04-10T02:00:00+02:00";97.85071428571428
"Humidity Outside";"2019-04-11T02:00:00+02:00";147.38943661971834
"Humidity Outside";"2019-04-12T02:00:00+02:00";81.19910714285712
"Humidity Outside";"2019-04-13T02:00:00+02:00";100.08802816901405
"Humidity Outside";"2019-04-14T02:00:00+02:00";174.8673611111111
"Humidity Outside";"2019-04-15T02:00:00+02:00";154.48531468531462
"Humidity Outside";"2019-04-16T02:00:00+02:00";75.69436619718311
"Humidity Outside";"2019-04-17T02:00:00+02:00";141.40281690140847
"Humidity Outside";"2019-04-18T02:00:00+02:00";55.37746478873237
"Humidity Outside";"2019-04-19T02:00:00+02:00";49.965467625899265
"Humidity Outside";"2019-04-20T02:00:00+02:00";96.88541666666674
"Humidity Outside";"2019-04-21T02:00:00+02:00";72.57916666666662
"Humidity Outside";"2019-04-22T02:00:00+02:00";70.7
"Humidity Outside";"2019-04-23T02:00:00+02:00";79.73124999999999
"Humidity Outside";"2019-04-24T02:00:00+02:00";59.70139860139862
"Humidity Outside";"2019-04-25T02:00:00+02:00";80.91041666666666
"Humidity Outside";"2019-04-26T02:00:00+02:00";93.35972222222205
"Humidity Outside";"2019-04-27T02:00:00+02:00";92.8055944055943
"Humidity Outside";"2019-04-28T02:00:00+02:00";81.03310344827585
"Humidity Outside";"2019-04-29T02:00:00+02:00";138.60833333333366
"Humidity Outside";"2019-04-30T02:00:00+02:00";83.37401574803151
"Humidity Outside";"2019-05-01T02:00:00+02:00";81.15069444444448
"Humidity Outside";"2019-05-02T02:00:00+02:00";228.40223880597048
"Humidity Outside";"2019-05-03T02:00:00+02:00";105.99513888888889
"Humidity Outside";"2019-05-04T02:00:00+02:00";98.91985815602811
"Humidity Outside";"2019-05-05T02:00:00+02:00";86.28263888888887
"Humidity Outside";"2019-05-06T02:00:00+02:00";79.91468531468533
"Humidity Outside";"2019-05-07T02:00:00+02:00";117.92097902097905
"Humidity Outside";"2019-05-08T02:00:00+02:00";90.96874999999984
"Humidity Outside";"2019-05-09T02:00:00+02:00";95.88601398601384
"Humidity Outside";"2019-05-10T02:00:00+02:00";106.67062937062934
"Humidity Outside";"2019-05-11T02:00:00+02:00";92.0312499999999
"Humidity Outside";"2019-05-12T02:00:00+02:00";99.9138888888889
"Humidity Outside";"2019-05-13T02:00:00+02:00";61.35347222222221
"Humidity Outside";"2019-05-14T02:00:00+02:00";62.31458333333334
"Humidity Outside";"2019-05-15T02:00:00+02:00";87.39513888888884
"Humidity Outside";"2019-05-16T02:00:00+02:00";130.62992125984246
"Humidity Outside";"2019-05-17T02:00:00+02:00";84.47152777777778
"Humidity Outside";"2019-05-18T02:00:00+02:00";107.32097902097898
"Humidity Outside";"2019-05-19T02:00:00+02:00";87.2916083916083
"Humidity Outside";"2019-05-20T02:00:00+02:00";99.88461538461516
"Humidity Outside";"2019-05-21T02:00:00+02:00";99.55944055944032
"Humidity Outside";"2019-05-22T02:00:00+02:00";99.4541666666665
"Humidity Outside";"2019-05-23T02:00:00+02:00";86.31319444444442
"Humidity Outside";"2019-05-24T02:00:00+02:00";105.6611111111111
"Humidity Outside";"2019-05-25T02:00:00+02:00";92.71666666666653
"Humidity Outside";"2019-05-26T02:00:00+02:00";132.6305555555556
"Humidity Outside";"2019-05-27T02:00:00+02:00";88.37013888888883
"Humidity Outside";"2019-05-28T02:00:00+02:00";99.1458333333332
"Humidity Outside";"2019-05-29T02:00:00+02:00";93.72183098591543
"Humidity Outside";"2019-05-30T02:00:00+02:00";79.5479166666667
"Humidity Outside";"2019-05-31T02:00:00+02:00";90.57796610169494
"Humidity Outside";"2019-06-01T02:00:00+02:00";150.78333333333336
"Humidity Outside";"2019-06-02T02:00:00+02:00";77.41458333333331
"Humidity Outside";"2019-06-03T02:00:00+02:00";130.54055944055958
"Humidity Outside";"2019-06-04T02:00:00+02:00";80.3076388888889
"Humidity Outside";"2019-06-05T02:00:00+02:00";99.55277777777778
"Humidity Outside";"2019-06-06T02:00:00+02:00";90.56083916083911
"Humidity Outside";"2019-06-07T02:00:00+02:00";117.89391304347825
"Humidity Outside";"2019-06-08T02:00:00+02:00";147.12013888888893
"Humidity Outside";"2019-06-09T02:00:00+02:00";81.96527777777781
"Humidity Outside";"2019-06-10T02:00:00+02:00";97.43055555555539
"Humidity Outside";"2019-06-11T02:00:00+02:00";99.11458333333316
"Humidity Outside";"2019-06-12T02:00:00+02:00";99.89999999999976
"Humidity Outside";"2019-06-13T02:00:00+02:00";110.06853146853148
"Humidity Outside";"2019-06-14T02:00:00+02:00";83.11888111888112
"Humidity Outside";"2019-06-15T02:00:00+02:00";89.29513888888891
"Humidity Outside";"2019-06-16T02:00:00+02:00";99.89999999999976
"Humidity Outside";"2019-06-17T02:00:00+02:00";91.43263888888885
"Humidity Outside";"2019-06-18T02:00:00+02:00";108.97062937062938
"Humidity Outside";"2019-06-19T02:00:00+02:00";105.11118881118885
"Humidity Outside";"2019-06-20T02:00:00+02:00";97.46458333333324
"Humidity Outside";"2019-06-21T02:00:00+02:00";89.28873239436618
"Humidity Outside";"2019-06-22T02:00:00+02:00";96.67746478873227
"Humidity Outside";"2019-06-23T02:00:00+02:00";99.18181818181819
"Humidity Outside";"2019-06-24T02:00:00+02:00";82.12195121951218
"Humidity Outside";"2019-06-25T02:00:00+02:00";130.44791666666669
"Humidity Outside";"2019-06-26T02:00:00+02:00";86.80347222222218
"Humidity Outside";"2019-06-27T02:00:00+02:00";123.42361111111116
"Humidity Outside";"2019-06-28T02:00:00+02:00";116.55763888888883
"Humidity Outside";"2019-06-29T02:00:00+02:00";91.73521126760559
"Humidity Outside";"2019-06-30T02:00:00+02:00";124.51212121212123
"Humidity Outside";"2019-07-01T02:00:00+02:00";79.93211678832115
"Humidity Outside";"2019-07-02T02:00:00+02:00";87.57972027972028
"Humidity Outside";"2019-07-03T02:00:00+02:00";84.04027777777779
"Humidity Outside";"2019-07-04T02:00:00+02:00";59.20559440559444
"Humidity Outside";"2019-07-05T02:00:00+02:00";69.21914893617021
"Humidity Outside";"2019-07-06T02:00:00+02:00";62.30694444444444
"Humidity Outside";"2019-07-07T02:00:00+02:00";154.1145833333333
"Humidity Outside";"2019-07-08T02:00:00+02:00";68.38714285714282
"Humidity Outside";"2019-07-09T02:00:00+02:00";162.51971830985917
"Humidity Outside";"2019-07-10T02:00:00+02:00";66.91118881118884
"Humidity Outside";"2019-07-11T02:00:00+02:00";88.42307692307676
"Humidity Outside";"2019-07-12T02:00:00+02:00";118.78571428571428
"Humidity Outside";"2019-07-13T02:00:00+02:00";121.9783216783216
"Humidity Outside";"2019-07-14T02:00:00+02:00";220.5229166666666
"Humidity Outside";"2019-07-15T02:00:00+02:00";149.3534722222222
"Humidity Outside";"2019-07-16T02:00:00+02:00";78.04265734265736
"Humidity Outside";"2019-07-17T02:00:00+02:00";121.862937062937
"Humidity Outside";"2019-07-18T02:00:00+02:00";74.6277777777778
"Humidity Outside";"2019-07-19T02:00:00+02:00";112.05454545454546
"Humidity Outside";"2019-07-20T02:00:00+02:00";81.88556701030925
"Humidity Outside";"2019-07-21T02:00:00+02:00";85.16513761467893
"Humidity Outside";"2019-07-22T02:00:00+02:00";120.78958333333338
"Humidity Outside";"2019-07-23T02:00:00+02:00";72.19999999999996
"Humidity Outside";"2019-07-24T02:00:00+02:00";92.52657342657345
"Humidity Outside";"2019-07-25T02:00:00+02:00";67.73426573426569
"Humidity Outside";"2019-07-26T02:00:00+02:00";108.17638888888888
"Humidity Outside";"2019-07-27T02:00:00+02:00";147.00559440559442
"Humidity Outside";"2019-07-28T02:00:00+02:00";95.80347222222208
"Humidity Outside";"2019-07-29T02:00:00+02:00";99.89860139860117
"Humidity Outside";"2019-07-30T02:00:00+02:00";88.1615384615385
"Humidity Outside";"2019-07-31T02:00:00+02:00";88.51736111111106
"Humidity Outside";"2019-08-01T02:00:00+02:00";122.13819444444442
"Humidity Outside";"2019-08-02T02:00:00+02:00";105.70694444444439
"Humidity Outside";"2019-08-03T02:00:00+02:00";96.4309859154928
"Humidity Outside";"2019-08-04T02:00:00+02:00";106.10277777777777
"Humidity Outside";"2019-08-05T02:00:00+02:00";92.93819444444446
"Humidity Outside";"2019-08-06T02:00:00+02:00";87.4944444444444
"Humidity Outside";"2019-08-07T02:00:00+02:00";99.89999999999976
"Humidity Outside";"2019-08-08T02:00:00+02:00";113.5076923076923
"Humidity Outside";"2019-08-09T02:00:00+02:00";87.59097222222215
"Humidity Outside";"2019-08-10T02:00:00+02:00";95.86126760563371
"Humidity Outside";"2019-08-11T02:00:00+02:00";108.9541666666666
"Humidity Outside";"2019-08-12T02:00:00+02:00";96.34265734265725
"Humidity Outside";"2019-08-13T02:00:00+02:00";178.02797202797206
"Humidity Outside";"2019-08-14T02:00:00+02:00";204.36728971962623
"Humidity Outside";"2019-08-15T02:00:00+02:00";94.53916083916077
"Humidity Outside";"2019-08-16T02:00:00+02:00";109.12907801418446
"Humidity Outside";"2019-08-17T02:00:00+02:00";95.50347222222214
"Humidity Outside";"2019-08-18T02:00:00+02:00";84.46312056737585
"Humidity Outside";"2019-08-19T02:00:00+02:00";88.67986111111114
"Humidity Outside";"2019-08-20T02:00:00+02:00";97.4216783216782
"Humidity Outside";"2019-08-21T02:00:00+02:00";108.07552447552443
"Humidity Outside";"2019-08-22T02:00:00+02:00";81.58098591549299
"Humidity Outside";"2019-08-23T02:00:00+02:00";134.64615384615388
"Humidity Outside";"2019-08-24T02:00:00+02:00";131.99440559440566
"Humidity Outside";"2019-08-25T02:00:00+02:00";91.49929577464778
"Humidity Outside";"2019-08-26T02:00:00+02:00";86.70769230769224
"Humidity Outside";"2019-08-27T02:00:00+02:00";109.19930069930068
"Humidity Outside";"2019-08-28T02:00:00+02:00";107.23402777777775
"Humidity Outside";"2019-08-29T02:00:00+02:00";87.62097902097904
"Humidity Outside";"2019-08-30T02:00:00+02:00";90.95563380281692
"Humidity Outside";"2019-08-31T02:00:00+02:00";84.60629370629377
"Humidity Outside";"2019-09-01T02:00:00+02:00";82.56736111111114
"Humidity Outside";"2019-09-02T02:00:00+02:00";70.25036496350367
"Humidity Outside";"2019-09-03T02:00:00+02:00";91.2531914893617
"Humidity Outside";"2019-09-04T02:00:00+02:00";114.37916666666663
"Humidity Outside";"2019-09-05T02:00:00+02:00";143.26597222222222
"Humidity Outside";"2019-09-06T02:00:00+02:00";99.03239436619718
"Humidity Outside";"2019-09-07T02:00:00+02:00";99.74042553191491
"Humidity Outside";"2019-09-08T02:00:00+02:00";114.94027777777774
"Humidity Outside";"2019-09-09T02:00:00+02:00";99.75319148936151
"Humidity Outside";"2019-09-10T02:00:00+02:00";107.78881118881117
"Humidity Outside";"2019-09-11T02:00:00+02:00";303.9888888888888
"Humidity Outside";"2019-09-12T02:00:00+02:00";271.32222222222214
"Humidity Outside";"2019-09-13T02:00:00+02:00";157.18794326241124
"Humidity Outside";"2019-09-14T02:00:00+02:00";286.43333333333334
"Humidity Outside";"2019-09-15T02:00:00+02:00";103.55034965034965
"Humidity Outside";"2019-09-16T02:00:00+02:00";75.48461538461534
"Humidity Outside";"2019-09-17T02:00:00+02:00";104.86884057971012
"Humidity Outside";"2019-09-18T02:00:00+02:00";67.3697183098592
"Humidity Outside";"2019-09-19T02:00:00+02:00";90.43999999999994
"Humidity Outside";"2019-09-20T02:00:00+02:00";68.71319444444441
"Humidity Outside";"2019-09-21T02:00:00+02:00";90.74857142857144
"Humidity Outside";"2019-09-22T02:00:00+02:00";77.5300884955752
"Humidity Outside";"2019-09-23T02:00:00+02:00";99.5908450704223
"Humidity Outside";"2019-09-24T02:00:00+02:00";94.2762237762237
"Humidity Outside";"2019-09-25T02:00:00+02:00";96.04956521739122
"Humidity Outside";"2019-09-26T02:00:00+02:00";121.70694444444442
"Humidity Outside";"2019-09-27T02:00:00+02:00";98.91805555555537
"Humidity Outside";"2019-09-28T02:00:00+02:00";96.75138888888884
"Humidity Outside";"2019-09-29T02:00:00+02:00";108.0521126760563
"Humidity Outside";"2019-09-30T02:00:00+02:00";118.1748251748252
"Humidity Outside";"2019-10-01T02:00:00+02:00";97.56874999999987
"Humidity Outside";"2019-10-02T02:00:00+02:00";99.89999999999976
"Humidity Outside";"2019-10-03T02:00:00+02:00";96.65902777777768
"Humidity Outside";"2019-10-04T02:00:00+02:00";98.37777777777764
"Humidity Outside";"2019-10-05T02:00:00+02:00";98.8192592592591
"Humidity Outside";"2019-10-06T02:00:00+02:00";99.66666666666646
"Humidity Outside";"2019-10-07T02:00:00+02:00";99.89999999999976
"Humidity Outside";"2019-10-08T02:00:00+02:00";99.89999999999976
"Humidity Outside";"2019-10-09T02:00:00+02:00";99.89999999999979
"Humidity Outside";"2019-10-10T02:00:00+02:00";99.86666666666645
"Humidity Outside";"2019-10-11T02:00:00+02:00";98.14305555555539
"Humidity Outside";"2019-10-12T02:00:00+02:00";93.10209790209787
"Humidity Outside";"2019-10-13T02:00:00+02:00";111.47083333333326
"Humidity Outside";"2019-10-14T02:00:00+02:00";340.03286713286747
"Humidity Outside";"2019-10-15T02:00:00+02:00";95.13916083916068
"Humidity Outside";"2019-10-16T02:00:00+02:00";95.75352112676053
"Humidity Outside";"2019-10-17T02:00:00+02:00";95.43999999999988
"Humidity Outside";"2019-10-18T02:00:00+02:00";98.36643356643343
"Humidity Outside";"2019-10-19T02:00:00+02:00";99.89999999999976
"Humidity Outside";"2019-10-20T02:00:00+02:00";98.1359154929576
"Humidity Outside";"2019-10-21T02:00:00+02:00";98.81527777777761
"Humidity Outside";"2019-10-22T02:00:00+02:00";99.70694444444425
"Humidity Outside";"2019-10-23T02:00:00+02:00";99.89999999999976
"Humidity Outside";"2019-10-24T02:00:00+02:00";99.70624999999977
"Humidity Outside";"2019-10-25T02:00:00+02:00";97.90902777777767
"Humidity Outside";"2019-10-26T02:00:00+02:00";95.56643356643345
"Humidity Outside";"2019-10-27T02:00:00+02:00";97.84895104895092
"Humidity Outside";"2019-10-28T01:00:00+01:00";117.15766423357658
"Humidity Outside";"2019-10-29T01:00:00+01:00";97.53472222222223
"Humidity Outside";"2019-10-30T01:00:00+01:00";91.38819444444444
"Humidity Outside";"2019-10-31T01:00:00+01:00";108.5416666666666
"Humidity Outside";"2019-11-01T01:00:00+01:00";99.89166666666642
"Humidity Outside";"2019-11-02T01:00:00+01:00";99.85314685314665
"Humidity Outside";"2019-11-03T01:00:00+01:00";99.89999999999976
"Humidity Outside";"2019-11-04T01:00:00+01:00";99.49999999999979
"Humidity Outside";"2019-11-05T01:00:00+01:00";99.29295774647872
"Humidity Outside";"2019-11-06T01:00:00+01:00";99.84999999999977
"Humidity Outside";"2019-11-07T01:00:00+01:00";141.65352112676098
"Humidity Outside";"2019-11-08T01:00:00+01:00";99.89999999999976
"Humidity Outside";"2019-11-09T01:00:00+01:00";99.69305555555536
"Humidity Outside";"2019-11-10T01:00:00+01:00";99.89999999999976
"Humidity Outside";"2019-11-11T01:00:00+01:00";99.89577464788708
"Humidity Outside";"2019-11-12T01:00:00+01:00";195.8031914893617
"Humidity Outside";"2019-11-13T01:00:00+01:00";null
"Humidity Outside";"2019-11-14T01:00:00+01:00";null
"Humidity Outside";"2019-11-15T01:00:00+01:00";null
"Humidity Outside";"2019-11-16T01:00:00+01:00";null
"Humidity Outside";"2019-11-17T01:00:00+01:00";99.9
"Humidity Outside";"2019-11-18T01:00:00+01:00";93.35211267605635
"Humidity Outside";"2019-11-19T01:00:00+01:00";98.59999999999982
"Humidity Outside";"2019-11-20T01:00:00+01:00";99.89999999999982
"Humidity Outside";"2019-11-21T01:00:00+01:00";99.89999999999976
"Humidity Outside";"2019-11-22T01:00:00+01:00";99.89999999999976
"Humidity Outside";"2019-11-23T01:00:00+01:00";97.77152777777768
"Humidity Outside";"2019-11-24T01:00:00+01:00";99.33541666666653
"Humidity Outside";"2019-11-25T01:00:00+01:00";99.89999999999976
"Humidity Outside";"2019-11-26T01:00:00+01:00";99.89999999999976
"Humidity Outside";"2019-11-27T01:00:00+01:00";99.72222222222203
"Humidity Outside";"2019-11-28T01:00:00+01:00";99.6304964539005
"Humidity Outside";"2019-11-29T01:00:00+01:00";99.89999999999976
"Humidity Outside";"2019-11-30T01:00:00+01:00";99.89999999999976
"Humidity Outside";"2019-12-01T01:00:00+01:00";99.89999999999976
"Humidity Outside";"2019-12-02T01:00:00+01:00";94.60656934306564
"Humidity Outside";"2019-12-03T01:00:00+01:00";98.87327586206884
"Humidity Outside";"2019-12-04T01:00:00+01:00";165.76884057971026
"Humidity Outside";"2019-12-05T01:00:00+01:00";95.50279720279704
"Humidity Outside";"2019-12-06T01:00:00+01:00";117.45970149253728
"Humidity Outside";"2019-12-07T01:00:00+01:00";99.89999999999979
"Humidity Outside";"2019-12-08T01:00:00+01:00";99.41739130434767
"Humidity Outside";"2019-12-09T01:00:00+01:00";98.95763888888874
"Humidity Outside";"2019-12-10T01:00:00+01:00";120.46736111111107
"Humidity Outside";"2019-12-11T01:00:00+01:00";98.98467153284655
"Humidity Outside";"2019-12-12T01:00:00+01:00";99.89999999999976
"Humidity Outside";"2019-12-13T01:00:00+01:00";99.89999999999976
"Humidity Outside";"2019-12-14T01:00:00+01:00";98.4951388888888
"Humidity Outside";"2019-12-15T01:00:00+01:00";99.88450704225329
"Humidity Outside";"2019-12-16T01:00:00+01:00";96.7622377622376
"Humidity Outside";"2019-12-17T01:00:00+01:00";98.45624999999986
"Humidity Outside";"2019-12-18T01:00:00+01:00";99.88181818181795
"Humidity Outside";"2019-12-19T01:00:00+01:00";98.7553956834531
"Humidity Outside";"2019-12-20T01:00:00+01:00";99.41748251748233
"Humidity Outside";"2019-12-21T01:00:00+01:00";99.30909090909076
"Humidity Outside";"2019-12-22T01:00:00+01:00";99.89999999999976
"Humidity Outside";"2019-12-23T01:00:00+01:00";99.89999999999976
"Humidity Outside";"2019-12-24T01:00:00+01:00";99.89999999999976
"Humidity Outside";"2019-12-25T01:00:00+01:00";99.89999999999976
"Humidity Outside";"2019-12-26T01:00:00+01:00";99.8999999999998
"Humidity Outside";"2019-12-27T01:00:00+01:00";99.89999999999976
"Humidity Outside";"2019-12-28T01:00:00+01:00";97.98680555555545
"Humidity Outside";"2019-12-29T01:00:00+01:00";94.13840579710134
"Humidity Outside";"2019-12-30T01:00:00+01:00";114.4618055555555
"Humidity Outside";"2019-12-31T01:00:00+01:00";91.19156626506027
"Humidity Outside";"2020-01-01T01:00:00+01:00";94.31007194244592
"Humidity Outside";"2020-01-02T01:00:00+01:00";99.89097222222199
"Humidity Outside";"2020-01-03T01:00:00+01:00";99.80633802816881
"Humidity Outside";"2020-01-04T01:00:00+01:00";99.89999999999976
"Humidity Outside";"2020-01-05T01:00:00+01:00";99.89999999999976
"Humidity Outside";"2020-01-06T01:00:00+01:00";96.59708029197067
"Humidity Outside";"2020-01-07T01:00:00+01:00";99.89999999999976
"Humidity Outside";"2020-01-08T01:00:00+01:00";99.89999999999976
"Humidity Outside";"2020-01-09T01:00:00+01:00";99.89999999999976
"Humidity Outside";"2020-01-10T01:00:00+01:00";99.82887323943642
"Humidity Outside";"2020-01-11T01:00:00+01:00";97.21499999999989
"Humidity Outside";"2020-01-12T01:00:00+01:00";99.89999999999976
"Humidity Outside";"2020-01-13T01:00:00+01:00";99.89999999999978
"Humidity Outside";"2020-01-14T01:00:00+01:00";178.5895833333333
"Humidity Outside";"2020-01-15T01:00:00+01:00";155.03541666666658
"Humidity Outside";"2020-01-16T01:00:00+01:00";91.92957746478866
"Humidity Outside";"2020-01-17T01:00:00+01:00";139.7555555555558
"Humidity Outside";"2020-01-18T01:00:00+01:00";98.4645833333332
"Humidity Outside";"2020-01-19T01:00:00+01:00";99.87638888888866
"Humidity Outside";"2020-01-20T01:00:00+01:00";96.89370629370622
"Humidity Outside";"2020-01-21T01:00:00+01:00";99.02657342657331
"Humidity Outside";"2020-01-22T01:00:00+01:00";121.44374999999997
"Humidity Outside";"2020-01-23T01:00:00+01:00";99.89999999999976
"Humidity Outside";"2020-01-24T01:00:00+01:00";94.23916083916077
"Humidity Outside";"2020-01-25T01:00:00+01:00";98.55347222222208
"Humidity Outside";"2020-01-26T01:00:00+01:00";99.2854166666665
"Humidity Outside";"2020-01-27T01:00:00+01:00";120.30209790209788
"Humidity Outside";"2020-01-28T01:00:00+01:00";99.82411347517707
"Humidity Outside";"2020-01-29T01:00:00+01:00";99.89999999999976
"Humidity Outside";"2020-01-30T01:00:00+01:00";97.69791666666657
"Humidity Outside";"2020-01-31T01:00:00+01:00";99.89999999999976
"Humidity Outside";"2020-02-01T01:00:00+01:00";99.34755244755226
"Humidity Outside";"2020-02-02T01:00:00+01:00";99.60069444444423
"Humidity Outside";"2020-02-03T01:00:00+01:00";99.89999999999976
"Humidity Outside";"2020-02-04T01:00:00+01:00";99.79720279720257
"Humidity Outside";"2020-02-05T01:00:00+01:00";93.38811188811181
"Humidity Outside";"2020-02-06T01:00:00+01:00";117.04305555555554
"Humidity Outside";"2020-02-07T01:00:00+01:00";92.06041666666655
"Humidity Outside";"2020-02-08T01:00:00+01:00";93.34436619718306
"Humidity Outside";"2020-02-09T01:00:00+01:00";106.33426573426573
"Humidity Outside";"2020-02-10T01:00:00+01:00";139.00489510489535
"Humidity Outside";"2020-02-11T01:00:00+01:00";92.77132867132865
"Humidity Outside";"2020-02-12T01:00:00+01:00";99.78333333333313
"Humidity Outside";"2020-02-13T01:00:00+01:00";99.39236111111092
"Humidity Outside";"2020-02-14T01:00:00+01:00";99.54539007092175
"Humidity Outside";"2020-02-15T01:00:00+01:00";95.16153846153836
"Humidity Outside";"2020-02-16T01:00:00+01:00";153.28251748251748
"Humidity Outside";"2020-02-17T01:00:00+01:00";97.14265734265712
"Humidity Outside";"2020-02-18T01:00:00+01:00";142.48124999999996
"Humidity Outside";"2020-02-19T01:00:00+01:00";98.02847222222209
"Humidity Outside";"2020-02-20T01:00:00+01:00";99.3666666666665
"Humidity Outside";"2020-02-21T01:00:00+01:00";112.93706293706298
"Humidity Outside";"2020-02-22T01:00:00+01:00";253.54193548387101
"Humidity Outside";"2020-02-23T01:00:00+01:00";99.90000000000005
"Humidity Outside";"2020-02-24T01:00:00+01:00";99.89999999999976
"Humidity Outside";"2020-02-25T01:00:00+01:00";99.89999999999976
"Humidity Outside";"2020-02-26T01:00:00+01:00";99.73015873015859
"Humidity Outside";"2020-02-27T01:00:00+01:00";121.25034965034959
"Humidity Outside";"2020-02-28T01:00:00+01:00";94.85104895104891
"Humidity Outside";"2020-02-29T01:00:00+01:00";95.62499999999984
"Humidity Outside";"2020-03-01T01:00:00+01:00";119.13472222222221
"Humidity Outside";"2020-03-02T01:00:00+01:00";133.3486111111113
"Humidity Outside";"2020-03-03T01:00:00+01:00";95.4465277777777
"Humidity Outside";"2020-03-04T01:00:00+01:00";120.99370629370625
"Humidity Outside";"2020-03-05T01:00:00+01:00";99.37152777777759
"Humidity Outside";"2020-03-06T01:00:00+01:00";99.89999999999976
"Humidity Outside";"2020-03-07T01:00:00+01:00";121.32916666666662
"Humidity Outside";"2020-03-08T01:00:00+01:00";115.23216783216783
"Humidity Outside";"2020-03-09T01:00:00+01:00";121.23706293706292
"Humidity Outside";"2020-03-10T01:00:00+01:00";99.89999999999976
"Humidity Outside";"2020-03-11T01:00:00+01:00";99.76874999999978
"Humidity Outside";"2020-03-12T01:00:00+01:00";98.72291666666652
"Humidity Outside";"2020-03-13T01:00:00+01:00";117.42237762237765
"Humidity Outside";"2020-03-14T01:00:00+01:00";95.4645833333332
"Humidity Outside";"2020-03-15T01:00:00+01:00";126.68888888888887
"Humidity Outside";"2020-03-16T01:00:00+01:00";83.19375
"Humidity Outside";"2020-03-17T01:00:00+01:00";93.97430555555553
"Humidity Outside";"2020-03-18T01:00:00+01:00";155.3923611111111
"Humidity Outside";"2020-03-19T01:00:00+01:00";88.71249999999996
"Humidity Outside";"2020-03-20T01:00:00+01:00";112.24652777777783
"Humidity Outside";"2020-03-21T01:00:00+01:00";97.51888111888093
"Humidity Outside";"2020-03-22T01:00:00+01:00";64.22847222222221
"Humidity Outside";"2020-03-23T01:00:00+01:00";95.75347222222224
"Humidity Outside";"2020-03-24T01:00:00+01:00";66.8694444444444
"Humidity Outside";"2020-03-25T01:00:00+01:00";64.67222222222219
"Humidity Outside";"2020-03-26T01:00:00+01:00";100.42569444444445
"Humidity Outside";"2020-03-27T01:00:00+01:00";83.82727272727264
"Humidity Outside";"2020-03-28T01:00:00+01:00";88.2027777777778
"Humidity Outside";"2020-03-29T01:00:00+01:00";154.93071428571426
"Humidity Outside";"2020-03-30T02:00:00+02:00";53.12797202797201
"Humidity Outside";"2020-03-31T02:00:00+02:00";127.95314685314679
"Humidity Outside";"2020-04-01T02:00:00+02:00";76.19580419580416
"Humidity Outside";"2020-04-02T02:00:00+02:00";53.1020979020979
"Humidity Outside";"2020-04-03T02:00:00+02:00";116.88819444444442
"Humidity Outside";"2020-04-04T02:00:00+02:00";69.6784722222222
"Humidity Outside";"2020-04-05T02:00:00+02:00";130.51944444444445
"Humidity Outside";"2020-04-06T02:00:00+02:00";59.12430555555554
"Humidity Outside";"2020-04-07T02:00:00+02:00";105.52499999999996
"Humidity Outside";"2020-04-08T02:00:00+02:00";103.26319444444447
"Humidity Outside";"2020-04-09T02:00:00+02:00";126.41180555555557
"Humidity Outside";"2020-04-10T02:00:00+02:00";89.78888888888888
"Humidity Outside";"2020-04-11T02:00:00+02:00";83.2215277777778
"Humidity Outside";"2020-04-12T02:00:00+02:00";83.4125874125874
"Humidity Outside";"2020-04-13T02:00:00+02:00";103.79305555555553
"Humidity Outside";"2020-04-14T02:00:00+02:00";111.54652777777773
"Humidity Outside";"2020-04-15T02:00:00+02:00";106.49148936170212
"Humidity Outside";"2020-04-16T02:00:00+02:00";125.37368421052632
"Humidity Outside";"2020-04-17T02:00:00+02:00";90.93076923076927
"Humidity Outside";"2020-04-18T02:00:00+02:00";126.61944444444437
"Humidity Outside";"2020-04-19T02:00:00+02:00";82.55174825174828
"Humidity Outside";"2020-04-20T02:00:00+02:00";98.0444444444445
"Humidity Outside";"2020-04-21T02:00:00+02:00";46.033082706766926
"Humidity Outside";"2020-04-22T02:00:00+02:00";92.17638888888891
"Humidity Outside";"2020-04-23T02:00:00+02:00";123.09027777777776
"Humidity Outside";"2020-04-24T02:00:00+02:00";111.40704225352111
"Humidity Outside";"2020-04-25T02:00:00+02:00";103.28391608391608
"Humidity Outside";"2020-04-26T02:00:00+02:00";86.9121212121212
"Humidity Outside";"2020-04-27T02:00:00+02:00";71.65416666666664
"Humidity Outside";"2020-04-28T02:00:00+02:00";94.64027777777761
"Humidity Outside";"2020-04-29T02:00:00+02:00";90.1756944444444
"Humidity Outside";"2020-04-30T02:00:00+02:00";95.3121428571428
"Humidity Outside";"2020-05-01T02:00:00+02:00";114.85524475524463
"Humidity Outside";"2020-05-02T02:00:00+02:00";110.0909722222222
"Humidity Outside";"2020-05-03T02:00:00+02:00";80.10000000000001
"Humidity Outside";"2020-05-04T02:00:00+02:00";114.32222222222205
"Humidity Outside";"2020-05-05T02:00:00+02:00";126.22937062937062
"Humidity Outside";"2020-05-06T02:00:00+02:00";72.10833333333332
"Humidity Outside";"2020-05-07T02:00:00+02:00";92.39236111111116
"Humidity Outside";"2020-05-08T02:00:00+02:00";92.38263888888886
"Humidity Outside";"2020-05-09T02:00:00+02:00";76.17847222222227
"Humidity Outside";"2020-05-10T02:00:00+02:00";90.85588235294114
"Humidity Outside";"2020-05-11T02:00:00+02:00";99.89027777777754
"Humidity Outside";"2020-05-12T02:00:00+02:00";78.22916666666664
"Humidity Outside";"2020-05-13T02:00:00+02:00";87.21538461538458
"Humidity Outside";"2020-05-14T02:00:00+02:00";81.92167832167834
"Humidity Outside";"2020-05-15T02:00:00+02:00";184.8854166666666
"Humidity Outside";"2020-05-16T02:00:00+02:00";84.05890410958908
"Humidity Outside";"2020-05-17T02:00:00+02:00";69.56851851851853
"Humidity Outside";"2020-05-18T02:00:00+02:00";165.4755244755245
"Humidity Outside";"2020-05-19T02:00:00+02:00";96.64545454545453
"Humidity Outside";"2020-05-20T02:00:00+02:00";104.75833333333334
"Humidity Outside";"2020-05-21T02:00:00+02:00";80.63943661971835
"Humidity Outside";"2020-05-22T02:00:00+02:00";83.00486111111111
"Humidity Outside";"2020-05-23T02:00:00+02:00";99.52638888888868
"Humidity Outside";"2020-05-24T02:00:00+02:00";127.14125874125875
"Humidity Outside";"2020-05-25T02:00:00+02:00";110.57062937062938
"Humidity Outside";"2020-05-26T02:00:00+02:00";104.06923076923077
"Humidity Outside";"2020-05-27T02:00:00+02:00";96.9833333333333
"Humidity Outside";"2020-05-28T02:00:00+02:00";141.19860139860143
"Humidity Outside";"2020-05-29T02:00:00+02:00";68.17499999999995
"Humidity Outside";"2020-05-30T02:00:00+02:00";92.12639999999999
"Humidity Outside";"2020-05-31T02:00:00+02:00";89.94097222222219
"Humidity Outside";"2020-06-01T02:00:00+02:00";67.62500000000001
"Humidity Outside";"2020-06-02T02:00:00+02:00";65.40486111111107
"Humidity Outside";"2020-06-03T02:00:00+02:00";92.71527777777776
"Humidity Outside";"2020-06-04T02:00:00+02:00";97.03541666666645
"Humidity Outside";"2020-06-05T02:00:00+02:00";99.09374999999991
"Humidity Outside";"2020-06-06T02:00:00+02:00";99.90000000000003
"Humidity Outside";"2020-06-07T02:00:00+02:00";98.29930555555546
"Humidity Outside";"2020-06-08T02:00:00+02:00";115.06595744680847
"Humidity Outside";"2020-06-09T02:00:00+02:00";99.89999999999976
"Humidity Outside";"2020-06-10T02:00:00+02:00";99.89999999999976
"Humidity Outside";"2020-06-11T02:00:00+02:00";99.87482517482493
"Humidity Outside";"2020-06-12T02:00:00+02:00";87.25763888888883
"Humidity Outside";"2020-06-13T02:00:00+02:00";93.46666666666663
"Humidity Outside";"2020-06-14T02:00:00+02:00";99.89999999999976
"Humidity Outside";"2020-06-15T02:00:00+02:00";99.89999999999976
"Humidity Outside";"2020-06-16T02:00:00+02:00";99.89999999999976
"Humidity Outside";"2020-06-17T02:00:00+02:00";99.89999999999976
"Humidity Outside";"2020-06-18T02:00:00+02:00";98.26433566433553
"Humidity Outside";"2020-06-19T02:00:00+02:00";99.77777777777759
"Humidity Outside";"2020-06-20T02:00:00+02:00";98.89300699300682
"Humidity Outside";"2020-06-21T02:00:00+02:00";94.92937062937057
"Humidity Outside";"2020-06-22T02:00:00+02:00";96.46527777777773
"Humidity Outside";"2020-06-23T02:00:00+02:00";90.14000000000003
"Humidity Outside";"2020-06-24T02:00:00+02:00";70.58947368421053
"Humidity Outside";"2020-06-25T02:00:00+02:00";92.62708333333339
"Humidity Outside";"2020-06-26T02:00:00+02:00";88.99097222222221
"Humidity Outside";"2020-06-27T02:00:00+02:00";94.57361111111106
"Humidity Outside";"2020-06-28T02:00:00+02:00";99.78936170212745
"Humidity Outside";"2020-06-29T02:00:00+02:00";95.78819444444436
"Humidity Outside";"2020-06-30T02:00:00+02:00";113.70769230769227
"Humidity Outside";"2020-07-01T02:00:00+02:00";91.7569444444444
"Humidity Outside";"2020-07-02T02:00:00+02:00";97.03263888888878
"Humidity Outside";"2020-07-03T02:00:00+02:00";87.64097222222223
"Humidity Outside";"2020-07-04T02:00:00+02:00";106.89580419580423
"Humidity Outside";"2020-07-05T02:00:00+02:00";90.71111111111112
"Humidity Outside";"2020-07-06T02:00:00+02:00";81.51408450704223
"Humidity Outside";"2020-07-07T02:00:00+02:00";104.35555555555551
"Humidity Outside";"2020-07-08T02:00:00+02:00";90.90972222222213
"Humidity Outside";"2020-07-09T02:00:00+02:00";108.46319444444447
"Humidity Outside";"2020-07-10T02:00:00+02:00";103.7125
"Humidity Outside";"2020-07-11T02:00:00+02:00";128.3391608391609
"Humidity Outside";"2020-07-12T02:00:00+02:00";95.4979166666667
"Humidity Outside";"2020-07-13T02:00:00+02:00";118.87132867132865
"Humidity Outside";"2020-07-14T02:00:00+02:00";75.21875000000001
"Humidity Outside";"2020-07-15T02:00:00+02:00";97.69791666666644
"Humidity Outside";"2020-07-16T02:00:00+02:00";99.89999999999976
"Humidity Outside";"2020-07-17T02:00:00+02:00";93.85416666666657
"Humidity Outside";"2020-07-18T02:00:00+02:00";108.53055555555561
"Humidity Outside";"2020-07-19T02:00:00+02:00";85.77638888888889
"Humidity Outside";"2020-07-20T02:00:00+02:00";83.26057692307694
"Humidity Outside";"2020-07-21T02:00:00+02:00";null
"Humidity Outside";"2020-07-22T02:00:00+02:00";null
"Humidity Outside";"2020-07-23T02:00:00+02:00";null
"Humidity Outside";"2020-07-24T02:00:00+02:00";null
"Humidity Outside";"2020-07-25T02:00:00+02:00";null
"Humidity Outside";"2020-07-26T02:00:00+02:00";null
"Humidity Outside";"2020-07-27T02:00:00+02:00";null
"Humidity Outside";"2020-07-28T02:00:00+02:00";null
"Humidity Outside";"2020-07-29T02:00:00+02:00";null
"Humidity Outside";"2020-07-30T02:00:00+02:00";null
"Humidity Outside";"2020-07-31T02:00:00+02:00";null
"Humidity Outside";"2020-08-01T02:00:00+02:00";null
"Humidity Outside";"2020-08-02T02:00:00+02:00";null
"Humidity Outside";"2020-08-03T02:00:00+02:00";null
"Humidity Outside";"2020-08-04T02:00:00+02:00";null
"Humidity Outside";"2020-08-05T02:00:00+02:00";142.0141509433963
"Humidity Outside";"2020-08-06T02:00:00+02:00";130.61398601398616
"Humidity Outside";"2020-08-07T02:00:00+02:00";85.39166666666665
"Humidity Outside";"2020-08-08T02:00:00+02:00";81.41258741258743
"Humidity Outside";"2020-08-09T02:00:00+02:00";79.5832167832168
"Humidity Outside";"2020-08-10T02:00:00+02:00";80.69720279720279
"Humidity Outside";"2020-08-11T02:00:00+02:00";90.61258741258733
"Humidity Outside";"2020-08-12T02:00:00+02:00";81.67777777777775
"Humidity Outside";"2020-08-13T02:00:00+02:00";97.72361111111093
"Humidity Outside";"2020-08-14T02:00:00+02:00";99.56056338028155
"Humidity Outside";"2020-08-15T02:00:00+02:00";95.56666666666656
"Humidity Outside";"2020-08-16T02:00:00+02:00";92.14861111111102
"Humidity Outside";"2020-08-17T02:00:00+02:00";96.97832167832158
"Humidity Outside";"2020-08-18T02:00:00+02:00";134.595138888889
"Humidity Outside";"2020-08-19T02:00:00+02:00";90.67847222222223
"Humidity Outside";"2020-08-20T02:00:00+02:00";88.3375
"Humidity Outside";"2020-08-21T02:00:00+02:00";80.87692307692305
"Humidity Outside";"2020-08-22T02:00:00+02:00";96.5587412587411
"Humidity Outside";"2020-08-23T02:00:00+02:00";89.7388888888889
"Humidity Outside";"2020-08-24T02:00:00+02:00";110.51319444444442
"Humidity Outside";"2020-08-25T02:00:00+02:00";83.80909090909093
"Humidity Outside";"2020-08-26T02:00:00+02:00";92.89583333333336
"Humidity Outside";"2020-08-27T02:00:00+02:00";193.4916666666667
"Humidity Outside";"2020-08-28T02:00:00+02:00";92.97622377622362
"Humidity Outside";"2020-08-29T02:00:00+02:00";97.69305555555542
"Humidity Outside";"2020-08-30T02:00:00+02:00";99.89999999999976
"Humidity Outside";"2020-08-31T02:00:00+02:00";99.89999999999976
"Humidity Outside";"2020-09-01T02:00:00+02:00";99.89999999999976
"Humidity Outside";"2020-09-02T02:00:00+02:00";91.9063380281689
"Humidity Outside";"2020-09-03T02:00:00+02:00";90.31319444444439
"Humidity Outside";"2020-09-04T02:00:00+02:00";89.70769230769227
"Humidity Outside";"2020-09-05T02:00:00+02:00";95.49225352112666
"Humidity Outside";"2020-09-06T02:00:00+02:00";91.26619718309854
"Humidity Outside";"2020-09-07T02:00:00+02:00";130.63591549295774
"Humidity Outside";"2020-09-08T02:00:00+02:00";85.57202797202795
"Humidity Outside";"2020-09-09T02:00:00+02:00";107.80486111111111
"Humidity Outside";"2020-09-10T02:00:00+02:00";98.94305555555542
"Humidity Outside";"2020-09-11T02:00:00+02:00";98.26666666666652
"Humidity Outside";"2020-09-12T02:00:00+02:00";91.29819819819818
"Humidity Outside";"2020-09-13T02:00:00+02:00";85.02318840579703
"Humidity Outside";"2020-09-14T02:00:00+02:00";109.96153846153847
"Humidity Outside";"2020-09-15T02:00:00+02:00";88.9444444444444
"Humidity Outside";"2020-09-16T02:00:00+02:00";94.11597222222217
"Humidity Outside";"2020-09-17T02:00:00+02:00";92.17361111111113
"Humidity Outside";"2020-09-18T02:00:00+02:00";105.46643356643362
"Humidity Outside";"2020-09-19T02:00:00+02:00";149.86944444444444
"Humidity Outside";"2020-09-20T02:00:00+02:00";83.43237410071946
"Humidity Outside";"2020-09-21T02:00:00+02:00";107.94785714285712
"Humidity Outside";"2020-09-22T02:00:00+02:00";89.77152777777778
"Humidity Outside";"2020-09-23T02:00:00+02:00";112.17972027972024
"Humidity Outside";"2020-09-24T02:00:00+02:00";116.11319444444445
"Humidity Outside";"2020-09-25T02:00:00+02:00";98.25985915492944
"Humidity Outside";"2020-09-26T02:00:00+02:00";99.89999999999978
"Humidity Outside";"2020-09-27T02:00:00+02:00";95.31458333333323
"Humidity Outside";"2020-09-28T02:00:00+02:00";92.68958333333325
"Humidity Outside";"2020-09-29T02:00:00+02:00";99.89999999999976
"Humidity Outside";"2020-09-30T02:00:00+02:00";99.89999999999976
"Humidity Outside";"2020-10-01T02:00:00+02:00";99.85694444444421
"Humidity Outside";"2020-10-02T02:00:00+02:00";97.04042553191483
"Humidity Outside";"2020-10-03T02:00:00+02:00";99.89999999999976
"Humidity Outside";"2020-10-04T02:00:00+02:00";114.8395833333333
"Humidity Outside";"2020-10-05T02:00:00+02:00";92.24027777777776
"Humidity Outside";"2020-10-06T02:00:00+02:00";99.54755244755226
"Humidity Outside";"2020-10-07T02:00:00+02:00";99.90000000000003
"Humidity Outside";"2020-10-08T02:00:00+02:00";null
"Humidity Outside";"2020-10-09T02:00:00+02:00";null
"Humidity Outside";"2020-10-10T02:00:00+02:00";99.68512396694194
"Humidity Outside";"2020-10-11T02:00:00+02:00";98.78124999999983
"Humidity Outside";"2020-10-12T02:00:00+02:00";99.89999999999976
"Humidity Outside";"2020-10-13T02:00:00+02:00";99.89999999999976
"Humidity Outside";"2020-10-14T02:00:00+02:00";99.89999999999976
"Humidity Outside";"2020-10-15T02:00:00+02:00";99.89999999999976
"Humidity Outside";"2020-10-16T02:00:00+02:00";99.89999999999976
"Humidity Outside";"2020-10-17T02:00:00+02:00";99.89999999999976
"Humidity Outside";"2020-10-18T02:00:00+02:00";99.72083333333312
"Humidity Outside";"2020-10-19T02:00:00+02:00";98.90839160839143
"Humidity Outside";"2020-10-20T02:00:00+02:00";99.08461538461522
"Humidity Outside";"2020-10-21T02:00:00+02:00";98.64166666666654
"Humidity Outside";"2020-10-22T02:00:00+02:00";96.94166666666656
"Humidity Outside";"2020-10-23T02:00:00+02:00";99.89999999999976
"Humidity Outside";"2020-10-24T02:00:00+02:00";98.67916666666652
"Humidity Outside";"2020-10-25T02:00:00+02:00";97.39791666666655
"Humidity Outside";"2020-10-26T01:00:00+01:00";99.89999999999976
"Humidity Outside";"2020-10-27T01:00:00+01:00";98.286111111111
"Humidity Outside";"2020-10-28T01:00:00+01:00";99.80833333333311
"Humidity Outside";"2020-10-29T01:00:00+01:00";99.89999999999976
"Humidity Outside";"2020-10-30T01:00:00+01:00";99.89999999999976
"Humidity Outside";"2020-10-31T01:00:00+01:00";97.5307692307691
"Humidity Outside";"2020-11-01T01:00:00+01:00";99.89999999999976
"Humidity Outside";"2020-11-02T01:00:00+01:00";99.89568345323717
"Humidity Outside";"2020-11-03T01:00:00+01:00";99.89999999999978
"Humidity Outside";"2020-11-04T01:00:00+01:00";99.88169014084484
"Humidity Outside";"2020-11-05T01:00:00+01:00";137.9097222222224
"Humidity Outside";"2020-11-06T01:00:00+01:00";136.7699300699303
"Humidity Outside";"2020-11-07T01:00:00+01:00";95.80241935483862
"Humidity Outside";"2020-11-08T01:00:00+01:00";99.89999999999999
"Humidity Outside";"2020-11-09T01:00:00+01:00";null
"Humidity Outside";"2020-11-10T01:00:00+01:00";null
"Humidity Outside";"2020-11-11T01:00:00+01:00";null
"Humidity Outside";"2020-11-12T01:00:00+01:00";null
"Humidity Outside";"2020-11-13T01:00:00+01:00";99.9
"Humidity Outside";"2020-11-14T01:00:00+01:00";99.01428571428576
"Humidity Outside";"2020-11-15T01:00:00+01:00";97.17395833333332
"Humidity Outside";"2020-11-16T01:00:00+01:00";null
"Humidity Outside";"2020-11-17T01:00:00+01:00";null
"Humidity Outside";"2020-11-18T01:00:00+01:00";null
"Humidity Outside";"2020-11-19T01:00:00+01:00";null
"Humidity Outside";"2020-11-20T01:00:00+01:00";null
"Humidity Outside";"2020-11-21T01:00:00+01:00";null
"Humidity Outside";"2020-11-22T01:00:00+01:00";null
"Humidity Outside";"2020-11-23T01:00:00+01:00";null
"Humidity Outside";"2020-11-24T01:00:00+01:00";null
"Humidity Outside";"2020-11-25T01:00:00+01:00";null
"Humidity Outside";"2020-11-26T01:00:00+01:00";null
"Humidity Outside";"2020-11-27T01:00:00+01:00";null
"Humidity Outside";"2020-11-28T01:00:00+01:00";null
"Humidity Outside";"2020-11-29T01:00:00+01:00";90.1614285714285
"Humidity Outside";"2020-11-30T01:00:00+01:00";94.23262411347513
"Humidity Outside";"2020-12-01T01:00:00+01:00";99.89999999999976
"Humidity Outside";"2020-12-02T01:00:00+01:00";99.89999999999976
"Humidity Outside";"2020-12-03T01:00:00+01:00";99.89999999999976
"Humidity Outside";"2020-12-04T01:00:00+01:00";99.83076923076904
"Humidity Outside";"2020-12-05T01:00:00+01:00";99.89999999999976
"Humidity Outside";"2020-12-06T01:00:00+01:00";99.89999999999976
"Humidity Outside";"2020-12-07T01:00:00+01:00";99.89300699300675
"Humidity Outside";"2020-12-08T01:00:00+01:00";99.24685314685297
"Humidity Outside";"2020-12-09T01:00:00+01:00";99.89999999999976
"Humidity Outside";"2020-12-10T01:00:00+01:00";99.89999999999976
"Humidity Outside";"2020-12-11T01:00:00+01:00";99.89999999999976
"Humidity Outside";"2020-12-12T01:00:00+01:00";99.89999999999976
"Humidity Outside";"2020-12-13T01:00:00+01:00";99.89999999999976
"Humidity Outside";"2020-12-14T01:00:00+01:00";99.89999999999976
"Humidity Outside";"2020-12-15T01:00:00+01:00";99.89999999999976
"Humidity Outside";"2020-12-16T01:00:00+01:00";99.48541666666647
"Humidity Outside";"2020-12-17T01:00:00+01:00";99.79027777777758
"Humidity Outside";"2020-12-18T01:00:00+01:00";99.82469135802455
"Humidity Outside";"2020-12-19T01:00:00+01:00";null
"Humidity Outside";"2020-12-20T01:00:00+01:00";99.90000000000005
"Humidity Outside";"2020-12-21T01:00:00+01:00";99.89999999999976
"Humidity Outside";"2020-12-22T01:00:00+01:00";99.89999999999976
"Humidity Outside";"2020-12-23T01:00:00+01:00";99.89999999999976
"Humidity Outside";"2020-12-24T01:00:00+01:00";99.89999999999976
"Humidity Outside";"2020-12-25T01:00:00+01:00";99.89999999999976
"Humidity Outside";"2020-12-26T01:00:00+01:00";99.89999999999976
"Humidity Outside";"2020-12-27T01:00:00+01:00";99.50416666666655
"Humidity Outside";"2020-12-28T01:00:00+01:00";99.89999999999976
"Humidity Outside";"2020-12-29T01:00:00+01:00";99.89999999999976
"Humidity Outside";"2020-12-30T01:00:00+01:00";99.8774999999998
"Humidity Outside";"2020-12-31T01:00:00+01:00";99.21597222222202
"Humidity Outside";"2021-01-01T01:00:00+01:00";99.89999999999976
"Humidity Outside";"2021-01-02T01:00:00+01:00";99.89999999999976
"Humidity Outside";"2021-01-03T01:00:00+01:00";99.89999999999976
"Humidity Outside";"2021-01-04T01:00:00+01:00";99.89999999999976
"Humidity Outside";"2021-01-05T01:00:00+01:00";99.89999999999976
"Humidity Outside";"2021-01-06T01:00:00+01:00";99.89999999999976
"Humidity Outside";"2021-01-07T01:00:00+01:00";99.89722222222198
"Humidity Outside";"2021-01-08T01:00:00+01:00";99.89999999999976
"Humidity Outside";"2021-01-09T01:00:00+01:00";99.44335664335645
"Humidity Outside";"2021-01-10T01:00:00+01:00";97.86503496503497
"Humidity Outside";"2021-01-11T01:00:00+01:00";98.95564516129015
"Humidity Outside";"2021-01-12T01:00:00+01:00";99.89999999999976
"Humidity Outside";"2021-01-13T01:00:00+01:00";99.89999999999976
"Humidity Outside";"2021-01-14T01:00:00+01:00";99.89999999999976
"Humidity Outside";"2021-01-15T01:00:00+01:00";99.35734265734247
"Humidity Outside";"2021-01-16T01:00:00+01:00";99.89295774647864
"Humidity Outside";"2021-01-17T01:00:00+01:00";99.89999999999976
"Humidity Outside";"2021-01-18T01:00:00+01:00";99.89999999999976
"Humidity Outside";"2021-01-19T01:00:00+01:00";99.89999999999976
"Humidity Outside";"2021-01-20T01:00:00+01:00";99.1555555555555
"Humidity Outside";"2021-01-21T01:00:00+01:00";119.34055944055937
"Humidity Outside";"2021-01-22T01:00:00+01:00";98.5368055555554
"Humidity Outside";"2021-01-23T01:00:00+01:00";99.89999999999976
"Humidity Outside";"2021-01-24T01:00:00+01:00";99.89999999999976
"Humidity Outside";"2021-01-25T01:00:00+01:00";99.89999999999976
"Humidity Outside";"2021-01-26T01:00:00+01:00";99.89999999999993
"Humidity Outside";"2021-01-27T01:00:00+01:00";99.89999999999978
"Humidity Outside";"2021-01-28T01:00:00+01:00";99.89999999999976
"Humidity Outside";"2021-01-29T01:00:00+01:00";99.89999999999976
"Humidity Outside";"2021-01-30T01:00:00+01:00";99.89999999999976
"Humidity Outside";"2021-01-31T01:00:00+01:00";99.89999999999976
"Humidity Outside";"2021-02-01T01:00:00+01:00";99.89999999999976
"Humidity Outside";"2021-02-02T01:00:00+01:00";99.89999999999976
"Humidity Outside";"2021-02-03T01:00:00+01:00";99.89999999999976
"Humidity Outside";"2021-02-04T01:00:00+01:00";99.18055555555537
"Humidity Outside";"2021-02-05T01:00:00+01:00";99.89999999999976
"Humidity Outside";"2021-02-06T01:00:00+01:00";99.89999999999976
"Humidity Outside";"2021-02-07T01:00:00+01:00";99.89999999999976
"Humidity Outside";"2021-02-08T01:00:00+01:00";99.89999999999976
"Humidity Outside";"2021-02-09T01:00:00+01:00";99.89999999999976
"Humidity Outside";"2021-02-10T01:00:00+01:00";99.89999999999976
"Humidity Outside";"2021-02-11T01:00:00+01:00";97.99097222222214
"Humidity Outside";"2021-02-12T01:00:00+01:00";94.26028368794324
"Humidity Outside";"2021-02-13T01:00:00+01:00";92.08041958041959
"Humidity Outside";"2021-02-14T01:00:00+01:00";110.48611111111111
"Humidity Outside";"2021-02-15T01:00:00+01:00";96.43958333333325
"Humidity Outside";"2021-02-16T01:00:00+01:00";99.89999999999976
"Humidity Outside";"2021-02-17T01:00:00+01:00";99.89999999999976
"Humidity Outside";"2021-02-18T01:00:00+01:00";98.11111111111101
"Humidity Outside";"2021-02-19T01:00:00+01:00";97.69166666666655
"Humidity Outside";"2021-02-20T01:00:00+01:00";97.33971631205665
"Humidity Outside";"2021-02-21T01:00:00+01:00";117.49930555555557
"Humidity Outside";"2021-02-22T01:00:00+01:00";98.5139860139859
"Humidity Outside";"2021-02-23T01:00:00+01:00";97.06296296296283
"Humidity Outside";"2021-02-24T01:00:00+01:00";94.1542553191489
"Humidity Outside";"2021-02-25T01:00:00+01:00";null
"Humidity Outside";"2021-02-26T01:00:00+01:00";null
"Humidity Outside";"2021-02-27T01:00:00+01:00";null
"Humidity Outside";"2021-02-28T01:00:00+01:00";null
"Humidity Outside";"2021-03-01T01:00:00+01:00";null
"Humidity Outside";"2021-03-02T01:00:00+01:00";83.32837837837836
"Humidity Outside";"2021-03-03T01:00:00+01:00";98.34513888888874
"Humidity Outside";"2021-03-04T01:00:00+01:00";161.23356643356666
"Humidity Outside";"2021-03-05T01:00:00+01:00";99.2412587412586
"Humidity Outside";"2021-03-06T01:00:00+01:00";128.51118881118882
"Humidity Outside";"2021-03-07T01:00:00+01:00";82.39722222222218
"Humidity Outside";"2021-03-08T01:00:00+01:00";89.37902097902099
"Humidity Outside";"2021-03-09T01:00:00+01:00";114.28461538461538
"Humidity Outside";"2021-03-10T01:00:00+01:00";140.14027777777773
"Humidity Outside";"2021-03-11T01:00:00+01:00";186.1380281690141